{
    "parent": "item/generated",
    "textures": {
        "layer0": "item/leather_horse_armor"
    },
    "overrides": [
        { "predicate": {"custom_model_data": 2000002}, "model": "expansion:blocks/fabricator"},
        { "predicate": {"custom_model_data": 2000003}, "model": "expansion:blocks/fabricator"},
        { "predicate": {"custom_model_data": 2000004}, "model": "expansion:blocks/fabricator"},
        { "predicate": {"custom_model_data": 2000005}, "model": "expansion:blocks/fabricator"},

        { "predicate": {"custom_model_data": 2000010}, "model": "expansion:structures/assembler_item"},
        { "predicate": {"custom_model_data": 2000011}, "model": "expansion:structures/assembler_item"},
        { "predicate": {"custom_model_data": 2000012}, "model": "expansion:structures/assembler_item"},
        { "predicate": {"custom_model_data": 2000013}, "model": "expansion:structures/assembler_item"},
        { "predicate": {"custom_model_data": 2000014}, "model": "expansion:structures/assembler_item"}
    ]
}