{
	"credit": "Made with Blockbench",
	"texture_size": [64, 64],
	"textures": {
		"1": "expansion:vehicles/lunar_module/lunar_module",
		"3": "expansion:vehicles/lunar_module/lunar_module_interior",
		"4": "expansion:vehicles/lunar_module/interior_windows"
	},
	"elements": [
		{
			"from": [11.44317, 18.73589, 4.83308],
			"to": [15.13917, 20.05589, 12.75308],
			"rotation": {"angle": -45, "axis": "z", "origin": [16.72317, 19.39589, 8.79308]},
			"faces": {
				"north": {"uv": [11, 4.5, 11.34375, 4.625], "texture": "#1"},
				"east": {"uv": [9.125, 2.5, 9.875, 2.625], "texture": "#1"},
				"south": {"uv": [11, 4.75, 11.34375, 4.875], "texture": "#1"},
				"west": {"uv": [9.25, 8.75, 10, 8.875], "texture": "#1"},
				"up": {"uv": [6.84375, 5.25, 6.5, 4.5], "texture": "#1"},
				"down": {"uv": [4.84375, 6.625, 4.5, 7.375], "texture": "#1"}
			}
		},
		{
			"from": [15.82296, 10.39611, 6.15308],
			"to": [17.14296, 14.35611, 8.13308],
			"rotation": {"angle": 45, "axis": "y", "origin": [16.48296, 12.37611, 7.47308]},
			"faces": {
				"north": {"uv": [2.5, 6.5, 2.625, 6.875], "texture": "#1"},
				"east": {"uv": [8, 9.75, 8.1875, 10.125], "texture": "#1"},
				"south": {"uv": [1.25, 10.75, 1.375, 11.125], "texture": "#1"},
				"west": {"uv": [7, 10.125, 7.1875, 10.5], "texture": "#1"},
				"up": {"uv": [5.25, 12.4375, 5.125, 12.25], "texture": "#1"},
				"down": {"uv": [9.125, 12.25, 9, 12.4375], "texture": "#1"}
			}
		},
		{
			"from": [16.09635, 10.39611, 7.47308],
			"to": [17.41635, 14.35611, 10.11308],
			"rotation": {"angle": 0, "axis": "y", "origin": [26.65635, 19.63611, 21.99308]},
			"faces": {
				"north": {"uv": [4.5, 10.875, 4.625, 11.25], "texture": "#1"},
				"east": {"uv": [3.5, 4.5, 3.75, 4.875], "texture": "#1"},
				"south": {"uv": [4.75, 10.875, 4.875, 11.25], "texture": "#1"},
				"west": {"uv": [4.25, 5.875, 4.5, 6.25], "texture": "#1"},
				"up": {"uv": [6.125, 12.125, 6, 11.875], "texture": "#1"},
				"down": {"uv": [12, 6.25, 11.875, 6.5], "texture": "#1"}
			}
		},
		{
			"from": [15.82296, 13.69611, 7.47308],
			"to": [17.14296, 15.67611, 10.11308],
			"rotation": {"angle": 45, "axis": "z", "origin": [16.48296, 14.35611, 8.79308]},
			"faces": {
				"north": {"uv": [9.25, 12.25, 9.375, 12.4375], "texture": "#1"},
				"east": {"uv": [5, 10.875, 5.25, 11.0625], "texture": "#1"},
				"south": {"uv": [9.875, 12.25, 10, 12.4375], "texture": "#1"},
				"west": {"uv": [5.375, 10.875, 5.625, 11.0625], "texture": "#1"},
				"up": {"uv": [12, 6.875, 11.875, 6.625], "texture": "#1"},
				"down": {"uv": [7.25, 11.875, 7.125, 12.125], "texture": "#1"}
			}
		},
		{
			"from": [15.82296, 9.07611, 7.47308],
			"to": [17.14296, 11.05611, 10.11308],
			"rotation": {"angle": -45, "axis": "z", "origin": [16.48296, 10.39611, 8.79308]},
			"faces": {
				"north": {"uv": [10.125, 12.25, 10.25, 12.4375], "texture": "#1"},
				"east": {"uv": [6.5, 10.875, 6.75, 11.0625], "texture": "#1"},
				"south": {"uv": [11.5, 12.25, 11.625, 12.4375], "texture": "#1"},
				"west": {"uv": [6.875, 10.875, 7.125, 11.0625], "texture": "#1"},
				"up": {"uv": [7.5, 12.125, 7.375, 11.875], "texture": "#1"},
				"down": {"uv": [7.75, 11.875, 7.625, 12.125], "texture": "#1"}
			}
		},
		{
			"from": [15.82296, 10.39611, 9.45308],
			"to": [17.14296, 14.35611, 11.43308],
			"shade": false,
			"rotation": {"angle": -45, "axis": "y", "origin": [16.48296, 12.37611, 10.11308]},
			"faces": {
				"north": {"uv": [7.25, 10.875, 7.375, 11.25], "texture": "#1"},
				"east": {"uv": [0.75, 10.25, 0.9375, 10.625], "texture": "#1"},
				"south": {"uv": [7.5, 10.875, 7.625, 11.25], "texture": "#1"},
				"west": {"uv": [1.125, 10.25, 1.3125, 10.625], "texture": "#1"},
				"up": {"uv": [11.875, 12.4375, 11.75, 12.25], "texture": "#1"},
				"down": {"uv": [0.125, 12.375, 0, 12.5625], "texture": "#1"}
			}
		},
		{
			"from": [14.77635, 9.14611, 4.83308],
			"to": [16.09635, 20.95611, 12.75308],
			"rotation": {"angle": 0, "axis": "y", "origin": [25.33635, 19.63611, 21.99308]},
			"faces": {
				"north": {"uv": [2.25, 8.75, 2.375, 9.875], "texture": "#1"},
				"east": {"uv": [3, 2, 3.75, 3.125], "texture": "#1"},
				"south": {"uv": [2.875, 8.75, 3, 9.875], "texture": "#1"},
				"west": {"uv": [3, 3.25, 3.75, 4.375], "texture": "#1"},
				"up": {"uv": [4.25, 1.875, 4.125, 1.125], "texture": "#1"},
				"down": {"uv": [1.625, 7.625, 1.5, 8.375], "texture": "#1"}
			}
		},
		{
			"from": [1.57635, 9.07611, 4.84628],
			"to": [14.77635, 22.27611, 4.85948],
			"rotation": {"angle": 0, "axis": "y", "origin": [8.17635, 15.67611, 4.85288]},
			"faces": {
				"north": {"uv": [0, 0, 1.25, 1.25], "texture": "#1"},
				"east": {"uv": [8.25, 11.375, 8.28125, 12.625], "texture": "#1"},
				"south": {"uv": [0, 1.375, 1.25, 2.625], "texture": "#1"},
				"west": {"uv": [9.625, 11.375, 9.65625, 12.625], "texture": "#1"},
				"up": {"uv": [12.625, 7.78125, 11.375, 7.75], "texture": "#1"},
				"down": {"uv": [12.625, 9.5, 11.375, 9.53125], "texture": "#1"}
			}
		},
		{
			"from": [2.89635, 22.27611, 4.83308],
			"to": [13.45635, 23.59611, 12.75308],
			"rotation": {"angle": 0, "axis": "y", "origin": [8.17635, 22.93611, 8.79308]},
			"faces": {
				"north": {"uv": [9, 1.75, 10, 1.875], "texture": "#1"},
				"east": {"uv": [9.25, 9, 10, 9.125], "texture": "#1"},
				"south": {"uv": [9, 2.875, 10, 3], "texture": "#1"},
				"west": {"uv": [9.25, 9.25, 10, 9.375], "texture": "#1"},
				"up": {"uv": [5.875, 3.75, 4.875, 3], "texture": "#1"},
				"down": {"uv": [5.875, 3.875, 4.875, 4.625], "texture": "#1"}
			}
		},
		{
			"from": [0.25635, 9.14611, 4.83308],
			"to": [1.57635, 20.95611, 12.75308],
			"rotation": {"angle": 0, "axis": "y", "origin": [10.81635, 19.63611, 21.99308]},
			"faces": {
				"north": {"uv": [3.125, 8.75, 3.25, 9.875], "texture": "#1"},
				"east": {"uv": [1.625, 3.625, 2.375, 4.75], "texture": "#1"},
				"south": {"uv": [3.375, 8.75, 3.5, 9.875], "texture": "#1"},
				"west": {"uv": [0, 3.875, 0.75, 5], "texture": "#1"},
				"up": {"uv": [1.375, 10.125, 1.25, 9.375], "texture": "#1"},
				"down": {"uv": [1.625, 9.375, 1.5, 10.125], "texture": "#1"}
			}
		},
		{
			"from": [1.21352, 18.73589, 4.83308],
			"to": [4.90952, 20.05589, 12.75308],
			"rotation": {"angle": 45, "axis": "z", "origin": [-0.37048, 19.39589, 8.79308]},
			"faces": {
				"north": {"uv": [11, 5, 11.34375, 5.125], "texture": "#1"},
				"east": {"uv": [9.375, 3.125, 10.125, 3.25], "texture": "#1"},
				"south": {"uv": [11, 6.5, 11.34375, 6.625], "texture": "#1"},
				"west": {"uv": [9.375, 3.375, 10.125, 3.5], "texture": "#1"},
				"up": {"uv": [5.34375, 7.375, 5, 6.625], "texture": "#1"},
				"down": {"uv": [5.84375, 6.625, 5.5, 7.375], "texture": "#1"}
			}
		},
		{
			"from": [1.57635, 9.07611, 12.73988],
			"to": [14.77635, 22.27611, 12.73988],
			"rotation": {"angle": 0, "axis": "y", "origin": [8.17635, 21.61611, 16.71308]},
			"faces": {
				"north": {"uv": [1.375, 0, 2.625, 1.25], "texture": "#1"},
				"east": {"uv": [10.375, 11.375, 10.40625, 12.625], "texture": "#1"},
				"south": {"uv": [1.375, 2.5, 2.625, 2.625], "texture": "#1"},
				"west": {"uv": [11.25, 11.375, 11.28125, 12.625], "texture": "#1"},
				"up": {"uv": [12.75, 0.03125, 11.5, 0], "texture": "#1"},
				"down": {"uv": [12.75, 4.5, 11.5, 4.53125], "texture": "#1"}
			}
		},
		{
			"from": [-1.28236, 8.52935, 5.60632],
			"to": [1.35764, 13.80935, 12.00832],
			"rotation": {"angle": 0, "axis": "y", "origin": [0.03635, 12.48935, 6.26632]},
			"faces": {
				"north": {"uv": [7.625, 4.5, 7.875, 5], "texture": "#1"},
				"east": {"uv": [0, 6.125, 0.59375, 6.625], "texture": "#1"},
				"south": {"uv": [9, 3.125, 9.25, 3.625], "texture": "#1"},
				"west": {"uv": [2.75, 6.375, 3.34375, 6.875], "texture": "#1"},
				"up": {"uv": [6.5, 9.21875, 6.25, 8.625], "texture": "#1"},
				"down": {"uv": [6.875, 8.625, 6.625, 9.21875], "texture": "#1"}
			}
		},
		{
			"from": [-2.41034, 11.16935, 9.25976],
			"to": [-1.09034, 13.80935, 11.89976],
			"rotation": {"angle": 45, "axis": "y", "origin": [-1.75034, 12.48935, 10.57976]},
			"faces": {
				"north": {"uv": [11.875, 8, 12, 8.25], "texture": "#1"},
				"east": {"uv": [6.875, 6, 7.125, 6.25], "texture": "#1"},
				"south": {"uv": [9.875, 11.875, 10, 12.125], "texture": "#1"},
				"west": {"uv": [10.25, 1.25, 10.5, 1.5], "texture": "#1"},
				"up": {"uv": [10.25, 12.125, 10.125, 11.875], "texture": "#1"},
				"down": {"uv": [11.625, 11.875, 11.5, 12.125], "texture": "#1"}
			}
		},
		{
			"from": [-3.15041, 11.16935, 7.47308],
			"to": [-1.83041, 13.80935, 10.11308],
			"rotation": {"angle": 0, "axis": "y", "origin": [-2.49041, 12.48935, 8.79308]},
			"faces": {
				"north": {"uv": [0, 12, 0.125, 12.25], "texture": "#1"},
				"east": {"uv": [10.25, 2, 10.5, 2.25], "texture": "#1"},
				"south": {"uv": [1, 12, 1.125, 12.25], "texture": "#1"},
				"west": {"uv": [2.5, 10.25, 2.75, 10.5], "texture": "#1"},
				"up": {"uv": [1.625, 12.25, 1.5, 12], "texture": "#1"},
				"down": {"uv": [2.125, 12, 2, 12.25], "texture": "#1"}
			}
		},
		{
			"from": [-3.07034, 10.04265, 7.47308],
			"to": [0.55966, 11.36265, 10.11308],
			"rotation": {"angle": -45, "axis": "z", "origin": [-1.75034, 10.70265, 8.79308]},
			"faces": {
				"north": {"uv": [6.75, 2.75, 7.25, 2.875], "texture": "#1"},
				"east": {"uv": [3.125, 7, 3.375, 7.125], "texture": "#1"},
				"south": {"uv": [10.25, 0.75, 10.75, 0.875], "texture": "#1"},
				"west": {"uv": [11.875, 7, 12.125, 7.125], "texture": "#1"},
				"up": {"uv": [3.25, 5.75, 2.75, 5.5], "texture": "#1"},
				"down": {"uv": [4.125, 9, 3.625, 9.25], "texture": "#1"}
			}
		},
		{
			"from": [-2.41034, 11.16935, 5.68639],
			"to": [-1.09034, 13.80935, 8.32639],
			"rotation": {"angle": -45, "axis": "y", "origin": [-1.75034, 12.48935, 7.00639]},
			"faces": {
				"north": {"uv": [2.25, 12, 2.375, 12.25], "texture": "#1"},
				"east": {"uv": [2.875, 10.25, 3.125, 10.5], "texture": "#1"},
				"south": {"uv": [12, 2.875, 12.125, 3.125], "texture": "#1"},
				"west": {"uv": [10.25, 3, 10.5, 3.25], "texture": "#1"},
				"up": {"uv": [3.375, 12.25, 3.25, 12], "texture": "#1"},
				"down": {"uv": [3.875, 12, 3.75, 12.25], "texture": "#1"}
			}
		},
		{
			"from": [-1.28365, 13.61603, 5.68639],
			"to": [1.35635, 14.93603, 8.32639],
			"shade": false,
			"rotation": {"angle": -45, "axis": "x", "origin": [0.03635, 14.27603, 7.00639]},
			"faces": {
				"north": {"uv": [4, 12, 4.25, 12.125], "texture": "#1"},
				"east": {"uv": [4.375, 12, 4.625, 12.125], "texture": "#1"},
				"south": {"uv": [4.75, 12, 5, 12.125], "texture": "#1"},
				"west": {"uv": [12, 4.75, 12.25, 4.875], "texture": "#1"},
				"up": {"uv": [3.5, 10.5, 3.25, 10.25], "texture": "#1"},
				"down": {"uv": [10.5, 3.375, 10.25, 3.625], "texture": "#1"}
			}
		},
		{
			"from": [-3.07034, 13.61603, 7.47308],
			"to": [-0.43034, 14.93603, 10.11308],
			"rotation": {"angle": 45, "axis": "z", "origin": [-1.75034, 14.27603, 8.79308]},
			"faces": {
				"north": {"uv": [12, 5, 12.25, 5.125], "texture": "#1"},
				"east": {"uv": [5.125, 12, 5.375, 12.125], "texture": "#1"},
				"south": {"uv": [6.25, 12, 6.5, 12.125], "texture": "#1"},
				"west": {"uv": [8.5, 12, 8.75, 12.125], "texture": "#1"},
				"up": {"uv": [3.875, 10.5, 3.625, 10.25], "texture": "#1"},
				"down": {"uv": [4.25, 10.25, 4, 10.5], "texture": "#1"}
			}
		},
		{
			"from": [-1.28365, 14.35611, 7.47308],
			"to": [1.35635, 15.67611, 10.11308],
			"rotation": {"angle": 0, "axis": "y", "origin": [9.27635, 20.95611, 21.99308]},
			"faces": {
				"north": {"uv": [8.875, 12, 9.125, 12.125], "texture": "#1"},
				"east": {"uv": [9.25, 12, 9.5, 12.125], "texture": "#1"},
				"south": {"uv": [12, 11.625, 12.25, 11.75], "texture": "#1"},
				"west": {"uv": [11.75, 12, 12, 12.125], "texture": "#1"},
				"up": {"uv": [4.625, 10.5, 4.375, 10.25], "texture": "#1"},
				"down": {"uv": [5, 10.25, 4.75, 10.5], "texture": "#1"}
			}
		},
		{
			"from": [-1.28365, 13.61603, 9.25976],
			"to": [1.35635, 14.93603, 11.89976],
			"rotation": {"angle": 45, "axis": "x", "origin": [0.03635, 14.27603, 10.57976]},
			"faces": {
				"north": {"uv": [0.25, 12.125, 0.5, 12.25], "texture": "#1"},
				"east": {"uv": [12.125, 0.25, 12.375, 0.375], "texture": "#1"},
				"south": {"uv": [12.125, 0.5, 12.375, 0.625], "texture": "#1"},
				"west": {"uv": [12.125, 1.75, 12.375, 1.875], "texture": "#1"},
				"up": {"uv": [5.375, 10.5, 5.125, 10.25], "texture": "#1"},
				"down": {"uv": [6.5, 10.25, 6.25, 10.5], "texture": "#1"}
			}
		},
		{
			"from": [11.44317, 11.86039, 13.99047],
			"to": [14.74317, 19.78039, 15.31047],
			"rotation": {"angle": 45, "axis": "y", "origin": [16.72317, 15.82039, 14.65047]},
			"faces": {
				"north": {"uv": [5.875, 7.5, 6.1875, 8.25], "texture": "#1"},
				"east": {"uv": [2.5, 9.375, 2.625, 10.125], "texture": "#1"},
				"south": {"uv": [7.25, 7.5, 7.5625, 8.25], "texture": "#1"},
				"west": {"uv": [3.625, 9.375, 3.75, 10.125], "texture": "#1"},
				"up": {"uv": [3.0625, 11.625, 2.75, 11.5], "texture": "#1"},
				"down": {"uv": [11.8125, 4.75, 11.5, 4.875], "texture": "#1"}
			}
		},
		{
			"from": [2.89635, 11.86039, 17.26669],
			"to": [13.45635, 19.78039, 18.85069],
			"rotation": {"angle": 0, "axis": "y", "origin": [8.17635, 20.44039, 14.89069]},
			"faces": {
				"north": {"uv": [4.875, 4.75, 5.875, 5.5], "texture": "#1"},
				"east": {"uv": [9, 5, 9.15625, 5.75], "texture": "#1"},
				"south": {"uv": [3.5, 5, 4.5, 5.75], "texture": "#1"},
				"west": {"uv": [9, 5.875, 9.15625, 6.625], "texture": "#1"},
				"up": {"uv": [9.625, 0.65625, 8.625, 0.5], "texture": "#1"},
				"down": {"uv": [9.625, 0.875, 8.625, 1.03125], "texture": "#1"}
			}
		},
		{
			"from": [15.7898, 14.17039, 14.98047],
			"to": [16.9118, 17.47039, 16.16847],
			"rotation": {"angle": 0, "axis": "y", "origin": [16.1198, 15.82039, 15.31047]},
			"faces": {
				"north": {"uv": [0.625, 12.25, 0.71875, 12.5625], "texture": "#1"},
				"east": {"uv": [1, 11.5, 1.125, 11.8125], "texture": "#1"},
				"south": {"uv": [1.75, 12.25, 1.84375, 12.5625], "texture": "#1"},
				"west": {"uv": [3.25, 11.5, 3.375, 11.8125], "texture": "#1"},
				"up": {"uv": [5.96875, 12.875, 5.875, 12.75], "texture": "#1"},
				"down": {"uv": [6.21875, 12.75, 6.125, 12.875], "texture": "#1"}
			}
		},
		{
			"from": [16.1198, 17.47039, 15.31047],
			"to": [16.5818, 18.46039, 15.83847],
			"rotation": {"angle": 0, "axis": "y", "origin": [16.1198, 19.12039, 15.31047]},
			"faces": {
				"north": {"uv": [3, 13.125, 3.03125, 13.21875], "texture": "#1"},
				"east": {"uv": [6.375, 12.875, 6.4375, 12.96875], "texture": "#1"},
				"south": {"uv": [3.25, 13.125, 3.28125, 13.21875], "texture": "#1"},
				"west": {"uv": [12.875, 6.75, 12.9375, 6.84375], "texture": "#1"},
				"up": {"uv": [13.15625, 10.0625, 13.125, 10], "texture": "#1"},
				"down": {"uv": [10.65625, 13.125, 10.625, 13.1875], "texture": "#1"}
			}
		},
		{
			"from": [16.1198, 15.58939, 16.06947],
			"to": [16.5818, 16.11739, 17.05947],
			"rotation": {"angle": 0, "axis": "y", "origin": [16.3508, 15.85339, 16.56447]},
			"faces": {
				"north": {"uv": [13.125, 11.25, 13.15625, 11.3125], "texture": "#1"},
				"east": {"uv": [9, 12.875, 9.09375, 12.9375], "texture": "#1"},
				"south": {"uv": [11.375, 13.125, 11.40625, 13.1875], "texture": "#1"},
				"west": {"uv": [12.875, 9.75, 12.96875, 9.8125], "texture": "#1"},
				"up": {"uv": [3.78125, 13.21875, 3.75, 13.125], "texture": "#1"},
				"down": {"uv": [4.53125, 13.125, 4.5, 13.21875], "texture": "#1"}
			}
		},
		{
			"from": [16.1198, 13.18039, 15.31047],
			"to": [16.5818, 14.17039, 15.83847],
			"rotation": {"angle": 0, "axis": "y", "origin": [16.1198, 14.83039, 15.31047]},
			"faces": {
				"north": {"uv": [4.75, 13.125, 4.78125, 13.21875], "texture": "#1"},
				"east": {"uv": [9.875, 12.875, 9.9375, 12.96875], "texture": "#1"},
				"south": {"uv": [13.125, 4.75, 13.15625, 4.84375], "texture": "#1"},
				"west": {"uv": [12.875, 10, 12.9375, 10.09375], "texture": "#1"},
				"up": {"uv": [13.15625, 11.5625, 13.125, 11.5], "texture": "#1"},
				"down": {"uv": [11.65625, 13.125, 11.625, 13.1875], "texture": "#1"}
			}
		},
		{
			"from": [16.1198, 15.58939, 14.08947],
			"to": [16.5818, 16.11739, 15.07947],
			"rotation": {"angle": 0, "axis": "y", "origin": [16.3508, 15.85339, 14.58447]},
			"faces": {
				"north": {"uv": [13.125, 11.75, 13.15625, 11.8125], "texture": "#1"},
				"east": {"uv": [10.625, 12.875, 10.71875, 12.9375], "texture": "#1"},
				"south": {"uv": [11.875, 13.125, 11.90625, 13.1875], "texture": "#1"},
				"west": {"uv": [12.875, 11.375, 12.96875, 11.4375], "texture": "#1"},
				"up": {"uv": [13.15625, 5.09375, 13.125, 5], "texture": "#1"},
				"down": {"uv": [5.28125, 13.125, 5.25, 13.21875], "texture": "#1"}
			}
		},
		{
			"from": [-0.22911, 13.18039, 15.31047],
			"to": [0.23289, 14.17039, 15.83847],
			"rotation": {"angle": 0, "axis": "y", "origin": [0.23289, 14.83039, 15.31047]},
			"faces": {
				"north": {"uv": [13.125, 5.25, 13.15625, 5.34375], "texture": "#1"},
				"east": {"uv": [11.5, 12.875, 11.5625, 12.96875], "texture": "#1"},
				"south": {"uv": [5.5, 13.125, 5.53125, 13.21875], "texture": "#1"},
				"west": {"uv": [12.875, 11.625, 12.9375, 11.71875], "texture": "#1"},
				"up": {"uv": [13.15625, 12.0625, 13.125, 12], "texture": "#1"},
				"down": {"uv": [12.15625, 13.125, 12.125, 13.1875], "texture": "#1"}
			}
		},
		{
			"from": [-0.22911, 15.58939, 14.08947],
			"to": [0.23289, 16.11739, 15.07947],
			"shade": false,
			"rotation": {"angle": 0, "axis": "y", "origin": [0.00189, 15.85339, 14.58447]},
			"faces": {
				"north": {"uv": [13.125, 12.25, 13.15625, 12.3125], "texture": "#1"},
				"east": {"uv": [11.75, 12.875, 11.84375, 12.9375], "texture": "#1"},
				"south": {"uv": [12.375, 13.125, 12.40625, 13.1875], "texture": "#1"},
				"west": {"uv": [12.875, 11.875, 12.96875, 11.9375], "texture": "#1"},
				"up": {"uv": [6.28125, 13.21875, 6.25, 13.125], "texture": "#1"},
				"down": {"uv": [13.15625, 6.75, 13.125, 6.84375], "texture": "#1"}
			}
		},
		{
			"from": [-0.55911, 14.17039, 14.98047],
			"to": [0.56289, 17.47039, 16.16847],
			"rotation": {"angle": 0, "axis": "y", "origin": [0.23289, 15.82039, 15.31047]},
			"faces": {
				"north": {"uv": [2.5, 12.25, 2.59375, 12.5625], "texture": "#1"},
				"east": {"uv": [5, 11.5, 5.125, 11.8125], "texture": "#1"},
				"south": {"uv": [12.25, 2.75, 12.34375, 3.0625], "texture": "#1"},
				"west": {"uv": [5.25, 11.5, 5.375, 11.8125], "texture": "#1"},
				"up": {"uv": [12.84375, 7.25, 12.75, 7.125], "texture": "#1"},
				"down": {"uv": [12.84375, 7.375, 12.75, 7.5], "texture": "#1"}
			}
		},
		{
			"from": [-0.22911, 15.58939, 16.06947],
			"to": [0.23289, 16.11739, 17.05947],
			"shade": false,
			"rotation": {"angle": 0, "axis": "y", "origin": [0.00189, 15.85339, 16.56447]},
			"faces": {
				"north": {"uv": [12.625, 13.125, 12.65625, 13.1875], "texture": "#1"},
				"east": {"uv": [12, 12.875, 12.09375, 12.9375], "texture": "#1"},
				"south": {"uv": [12.875, 13.125, 12.90625, 13.1875], "texture": "#1"},
				"west": {"uv": [12.875, 12.125, 12.96875, 12.1875], "texture": "#1"},
				"up": {"uv": [8.90625, 13.21875, 8.875, 13.125], "texture": "#1"},
				"down": {"uv": [9.53125, 13.125, 9.5, 13.21875], "texture": "#1"}
			}
		},
		{
			"from": [-0.22911, 17.47039, 15.31047],
			"to": [0.23289, 18.46039, 15.83847],
			"rotation": {"angle": 0, "axis": "y", "origin": [0.23289, 19.12039, 15.31047]},
			"faces": {
				"north": {"uv": [9.75, 13.125, 9.78125, 13.21875], "texture": "#1"},
				"east": {"uv": [12.25, 12.875, 12.3125, 12.96875], "texture": "#1"},
				"south": {"uv": [13.125, 9.75, 13.15625, 9.84375], "texture": "#1"},
				"west": {"uv": [12.875, 12.375, 12.9375, 12.46875], "texture": "#1"},
				"up": {"uv": [13.15625, 13.1875, 13.125, 13.125], "texture": "#1"},
				"down": {"uv": [0.03125, 13.25, 0, 13.3125], "texture": "#1"}
			}
		},
		{
			"from": [1.60952, 11.86039, 13.99047],
			"to": [4.90952, 19.78039, 15.31047],
			"rotation": {"angle": -45, "axis": "y", "origin": [-0.37048, 15.82039, 14.65047]},
			"faces": {
				"north": {"uv": [7.625, 0, 7.9375, 0.75], "texture": "#1"},
				"east": {"uv": [9.375, 3.625, 9.5, 4.375], "texture": "#1"},
				"south": {"uv": [1, 7.625, 1.3125, 8.375], "texture": "#1"},
				"west": {"uv": [3.875, 9.375, 4, 10.125], "texture": "#1"},
				"up": {"uv": [11.8125, 5.125, 11.5, 5], "texture": "#1"},
				"down": {"uv": [5.8125, 11.5, 5.5, 11.625], "texture": "#1"}
			}
		},
		{
			"from": [0.91635, 11.86039, 12.86377],
			"to": [4.87635, 19.78039, 14.18377],
			"rotation": {"angle": 45, "axis": "y", "origin": [2.89635, 15.82039, 14.18377]},
			"faces": {
				"north": {"uv": [2.5, 3.625, 2.875, 4.375], "texture": "#1"},
				"east": {"uv": [9.375, 4.5, 9.5, 5.25], "texture": "#1"},
				"south": {"uv": [3.5, 6.375, 3.875, 7.125], "texture": "#1"},
				"west": {"uv": [9.375, 5.375, 9.5, 6.125], "texture": "#1"},
				"up": {"uv": [11.25, 3.875, 10.875, 3.75], "texture": "#1"},
				"down": {"uv": [11.25, 7, 10.875, 7.125], "texture": "#1"}
			}
		},
		{
			"from": [0.56289, 11.86039, 14.65047],
			"to": [1.55289, 19.78039, 16.49847],
			"rotation": {"angle": 0, "axis": "y", "origin": [1.22289, 15.82039, 15.31047]},
			"faces": {
				"north": {"uv": [6, 9.75, 6.09375, 10.5], "texture": "#1"},
				"east": {"uv": [8.75, 2, 8.9375, 2.75], "texture": "#1"},
				"south": {"uv": [2.25, 10, 2.34375, 10.75], "texture": "#1"},
				"west": {"uv": [8.5, 8.75, 8.6875, 9.5], "texture": "#1"},
				"up": {"uv": [1.21875, 12.8125, 1.125, 12.625], "texture": "#1"},
				"down": {"uv": [5.21875, 12.625, 5.125, 12.8125], "texture": "#1"}
			}
		},
		{
			"from": [2.56635, 19.99611, 12.75308],
			"to": [7.18635, 20.98611, 14.73308],
			"rotation": {"angle": 22.5, "axis": "z", "origin": [5.86635, 20.49111, 13.41308]},
			"faces": {
				"north": {"uv": [11.125, 9.75, 11.5625, 9.84375], "texture": "#1"},
				"east": {"uv": [12.625, 5.5, 12.8125, 5.59375], "texture": "#1"},
				"south": {"uv": [11.125, 10, 11.5625, 10.09375], "texture": "#1"},
				"west": {"uv": [12.625, 6.25, 12.8125, 6.34375], "texture": "#1"},
				"up": {"uv": [9.8125, 7.8125, 9.375, 7.625], "texture": "#1"},
				"down": {"uv": [9.6875, 9.5, 9.25, 9.6875], "texture": "#1"}
			}
		},
		{
			"from": [1.4678, 19.78039, 13.99047],
			"to": [14.8658, 19.79359, 17.35647],
			"rotation": {"angle": 0, "axis": "y", "origin": [13.8098, 15.82039, 15.31047]},
			"faces": {
				"north": {"uv": [11.25, 9, 12.53125, 9.03125], "texture": "#1"},
				"east": {"uv": [7.5, 12.75, 7.8125, 12.78125], "texture": "#1"},
				"south": {"uv": [11.25, 9.25, 12.53125, 9.28125], "texture": "#1"},
				"west": {"uv": [12.75, 7.625, 13.0625, 7.65625], "texture": "#1"},
				"up": {"uv": [4.03125, 6.1875, 2.75, 5.875], "texture": "#1"},
				"down": {"uv": [7.28125, 3, 6, 3.3125], "texture": "#1"}
			}
		},
		{
			"from": [5.20635, 19.00611, 14.73308],
			"to": [7.18635, 19.99611, 16.71308],
			"rotation": {"angle": 22.5, "axis": "z", "origin": [5.86635, 19.50111, 15.39308]},
			"faces": {
				"north": {"uv": [12.625, 6.5, 12.8125, 6.59375], "texture": "#1"},
				"east": {"uv": [12.625, 8, 12.8125, 8.09375], "texture": "#1"},
				"south": {"uv": [12.625, 8.25, 12.8125, 8.34375], "texture": "#1"},
				"west": {"uv": [9, 12.625, 9.1875, 12.71875], "texture": "#1"},
				"up": {"uv": [11.8125, 3.1875, 11.625, 3], "texture": "#1"},
				"down": {"uv": [4.0625, 11.625, 3.875, 11.8125], "texture": "#1"}
			}
		},
		{
			"from": [6.85635, 19.77349, 12.24931],
			"to": [9.49635, 21.09349, 18.84931],
			"rotation": {"angle": 22.5, "axis": "x", "origin": [8.17635, 20.43349, 15.54931]},
			"faces": {
				"north": {"uv": [12.125, 2, 12.375, 2.125], "texture": "#1"},
				"east": {"uv": [10.25, 0.25, 10.875, 0.375], "texture": "#1"},
				"south": {"uv": [12.125, 2.25, 12.375, 2.375], "texture": "#1"},
				"west": {"uv": [10.25, 0.5, 10.875, 0.625], "texture": "#1"},
				"up": {"uv": [8.875, 1.875, 8.625, 1.25], "texture": "#1"},
				"down": {"uv": [2.75, 8.625, 2.5, 9.25], "texture": "#1"}
			}
		},
		{
			"from": [9.16635, 19.00611, 14.73308],
			"to": [11.14635, 19.99611, 16.71308],
			"rotation": {"angle": -22.5, "axis": "z", "origin": [10.48635, 19.50111, 15.39308]},
			"faces": {
				"north": {"uv": [9.875, 12.625, 10.0625, 12.71875], "texture": "#1"},
				"east": {"uv": [12.625, 10.25, 12.8125, 10.34375], "texture": "#1"},
				"south": {"uv": [12.625, 10.5, 12.8125, 10.59375], "texture": "#1"},
				"west": {"uv": [11.5, 12.625, 11.6875, 12.71875], "texture": "#1"},
				"up": {"uv": [4.4375, 11.8125, 4.25, 11.625], "texture": "#1"},
				"down": {"uv": [4.8125, 11.625, 4.625, 11.8125], "texture": "#1"}
			}
		},
		{
			"from": [9.16635, 19.99611, 12.75308],
			"to": [13.78635, 20.98611, 14.73308],
			"rotation": {"angle": -22.5, "axis": "z", "origin": [10.48635, 20.49111, 13.41308]},
			"faces": {
				"north": {"uv": [11.25, 0.25, 11.6875, 0.34375], "texture": "#1"},
				"east": {"uv": [12.25, 12.625, 12.4375, 12.71875], "texture": "#1"},
				"south": {"uv": [11.25, 0.5, 11.6875, 0.59375], "texture": "#1"},
				"west": {"uv": [12.625, 12.625, 12.8125, 12.71875], "texture": "#1"},
				"up": {"uv": [10.0625, 2.1875, 9.625, 2], "texture": "#1"},
				"down": {"uv": [10.0625, 3.625, 9.625, 3.8125], "texture": "#1"}
			}
		},
		{
			"from": [6.85635, 21.97611, 11.76308],
			"to": [9.49635, 23.62611, 13.08308],
			"rotation": {"angle": 0, "axis": "y", "origin": [8.17635, 21.31611, 15.39308]},
			"faces": {
				"north": {"uv": [6, 11.5, 6.25, 11.65625], "texture": "#1"},
				"east": {"uv": [6.375, 12.5, 6.5, 12.65625], "texture": "#1"},
				"south": {"uv": [11.5, 6.25, 11.75, 6.40625], "texture": "#1"},
				"west": {"uv": [12, 12.5, 12.125, 12.65625], "texture": "#1"},
				"up": {"uv": [12.375, 2.625, 12.125, 2.5], "texture": "#1"},
				"down": {"uv": [3, 12.125, 2.75, 12.25], "texture": "#1"}
			}
		},
		{
			"from": [11.47635, 11.86039, 12.86377],
			"to": [15.43635, 19.78039, 14.18377],
			"rotation": {"angle": -45, "axis": "y", "origin": [13.45635, 15.82039, 14.18377]},
			"faces": {
				"north": {"uv": [4, 6.375, 4.375, 7.125], "texture": "#1"},
				"east": {"uv": [6.25, 9.375, 6.375, 10.125], "texture": "#1"},
				"south": {"uv": [6.375, 5.5, 6.75, 6.25], "texture": "#1"},
				"west": {"uv": [9.375, 6.25, 9.5, 7], "texture": "#1"},
				"up": {"uv": [8.125, 11, 7.75, 10.875], "texture": "#1"},
				"down": {"uv": [11.25, 7.75, 10.875, 7.875], "texture": "#1"}
			}
		},
		{
			"from": [14.7998, 11.86039, 14.65047],
			"to": [15.7898, 19.78039, 16.49847],
			"rotation": {"angle": 0, "axis": "y", "origin": [15.1298, 15.82039, 15.31047]},
			"faces": {
				"north": {"uv": [0, 10.25, 0.09375, 11], "texture": "#1"},
				"east": {"uv": [8, 8.875, 8.1875, 9.625], "texture": "#1"},
				"south": {"uv": [1.5, 10.25, 1.59375, 11], "texture": "#1"},
				"west": {"uv": [8.875, 8.75, 9.0625, 9.5], "texture": "#1"},
				"up": {"uv": [6.71875, 12.8125, 6.625, 12.625], "texture": "#1"},
				"down": {"uv": [9.46875, 12.625, 9.375, 12.8125], "texture": "#1"}
			}
		},
		{
			"from": [2.7878, 11.86039, 12.67047],
			"to": [13.5458, 11.86039, 14.05647],
			"rotation": {"angle": 0, "axis": "y", "origin": [13.8098, 7.90039, 13.99047]},
			"faces": {
				"north": {"uv": [10.875, 10.25, 11.90625, 10.25], "texture": "#1"},
				"east": {"uv": [2.75, 2.625, 2.875, 2.625], "texture": "#1"},
				"south": {"uv": [13, 7.5, 14.03125, 7.5], "texture": "#1"},
				"west": {"uv": [6, 5.5, 6.125, 5.5], "texture": "#1"},
				"up": {"uv": [10.03125, 1.375, 9, 1.25], "texture": "#1"},
				"down": {"uv": [10.03125, 1.5, 9, 1.625], "texture": "#1"}
			}
		},
		{
			"from": [1.57764, 11.86039, 13.93311],
			"to": [14.77764, 11.87359, 17.29911],
			"rotation": {"angle": 0, "axis": "y", "origin": [13.8098, 7.90039, 15.31047]},
			"faces": {
				"north": {"uv": [11.25, 10.875, 12.53125, 10.90625], "texture": "#1"},
				"east": {"uv": [8, 12.75, 8.3125, 12.78125], "texture": "#1"},
				"south": {"uv": [11.25, 11.125, 12.53125, 11.15625], "texture": "#1"},
				"west": {"uv": [8.5, 12.75, 8.8125, 12.78125], "texture": "#1"},
				"up": {"uv": [7.28125, 3.8125, 6, 3.5], "texture": "#1"},
				"down": {"uv": [7.28125, 4, 6.03125, 4.3125], "texture": "#1"}
			}
		},
		{
			"from": [11.55642, 16.64265, -0.44829],
			"to": [12.87642, 21.26265, 4.93039],
			"rotation": {"angle": 45, "axis": "z", "origin": [12.21642, 18.62265, 2.85308]},
			"faces": {
				"north": {"uv": [10.625, 1, 10.75, 1.4375], "texture": "#1"},
				"east": {"uv": [8.375, 3, 8.875, 3.4375], "texture": "#1"},
				"south": {"uv": [10.625, 2, 10.75, 2.4375], "texture": "#1"},
				"west": {"uv": [8.375, 3.625, 8.875, 4.0625], "texture": "#1"},
				"up": {"uv": [2.875, 2.5, 2.75, 2], "texture": "#1"},
				"down": {"uv": [4.75, 5, 4.625, 5.5], "texture": "#1"}
			}
		},
		{
			"from": [12.79635, 12.37611, -0.44692],
			"to": [14.11635, 17.65611, 4.93308],
			"rotation": {"angle": 0, "axis": "y", "origin": [13.45635, 15.01611, 2.85308]},
			"faces": {
				"north": {"uv": [7.625, 0.875, 7.75, 1.375], "texture": "#1"},
				"east": {"uv": [1.875, 4.875, 2.375, 5.375], "texture": "#1"},
				"south": {"uv": [7, 7.625, 7.125, 8.125], "texture": "#1"},
				"west": {"uv": [6.625, 6.375, 7.125, 6.875], "texture": "#1"},
				"up": {"uv": [2.125, 10.75, 2, 10.25], "texture": "#1"},
				"down": {"uv": [5.625, 10.25, 5.5, 10.75], "texture": "#1"}
			}
		},
		{
			"from": [5.53635, 19.63611, -0.44692],
			"to": [10.81635, 20.95611, 4.93308],
			"rotation": {"angle": 0, "axis": "y", "origin": [8.17635, 21.61611, 0.87308]},
			"faces": {
				"north": {"uv": [10.25, 3.75, 10.75, 3.875], "texture": "#1"},
				"east": {"uv": [10.25, 7, 10.75, 7.125], "texture": "#1"},
				"south": {"uv": [9.125, 10.25, 9.625, 10.375], "texture": "#1"},
				"west": {"uv": [10.375, 4, 10.875, 4.125], "texture": "#1"},
				"up": {"uv": [0.5, 7.25, 0, 6.75], "texture": "#1"},
				"down": {"uv": [7.25, 1.5, 6.75, 2], "texture": "#1"}
			}
		},
		{
			"from": [6.85635, 20.95611, -0.44692],
			"to": [9.49635, 22.27611, 4.83308],
			"rotation": {"angle": 0, "axis": "y", "origin": [8.17635, 22.93611, 0.87308]},
			"faces": {
				"north": {"uv": [12.125, 3.25, 12.375, 3.375], "texture": "#1"},
				"east": {"uv": [10.375, 4.25, 10.875, 4.375], "texture": "#1"},
				"south": {"uv": [12.125, 3.5, 12.375, 3.625], "texture": "#1"},
				"west": {"uv": [10.375, 4.5, 10.875, 4.625], "texture": "#1"},
				"up": {"uv": [9.25, 4.25, 9, 3.75], "texture": "#1"},
				"down": {"uv": [9.25, 4.375, 9, 4.875], "texture": "#1"}
			}
		},
		{
			"from": [6.85764, 20.15472, -1.10692],
			"to": [9.495, 22.00272, 0.21308],
			"rotation": {"angle": 45, "axis": "x", "origin": [8.17635, 21.34272, -0.44692]},
			"faces": {
				"north": {"uv": [10.875, 8.625, 11.125, 8.8125], "texture": "#1"},
				"east": {"uv": [0.25, 12.375, 0.375, 12.5625], "texture": "#1"},
				"south": {"uv": [10.875, 9, 11.125, 9.1875], "texture": "#1"},
				"west": {"uv": [0.875, 12.375, 1, 12.5625], "texture": "#1"},
				"up": {"uv": [12.375, 3.875, 12.125, 3.75], "texture": "#1"},
				"down": {"uv": [12.375, 4, 12.125, 4.125], "texture": "#1"}
			}
		},
		{
			"from": [6.85635, 16.99611, -1.76692],
			"to": [9.49635, 20.95611, -0.44692],
			"rotation": {"angle": 0, "axis": "y", "origin": [8.17635, 18.97611, -1.10692]},
			"faces": {
				"north": {"uv": [6.5, 9.375, 6.75, 9.75], "texture": "#1"},
				"east": {"uv": [9.625, 10.875, 9.75, 11.25], "texture": "#1"},
				"south": {"uv": [9.375, 7.125, 9.625, 7.5], "texture": "#1"},
				"west": {"uv": [10.875, 9.75, 11, 10.125], "texture": "#1"},
				"up": {"uv": [12.375, 4.375, 12.125, 4.25], "texture": "#1"},
				"down": {"uv": [5.75, 12.125, 5.5, 12.25], "texture": "#1"}
			}
		},
		{
			"from": [10.96153, 11.08211, -1.43692],
			"to": [12.28153, 20.85011, -0.11692],
			"rotation": {"angle": 22.5, "axis": "z", "origin": [11.62153, 13.59011, -0.77692]},
			"faces": {
				"north": {"uv": [7, 9, 7.125, 9.9375], "texture": "#1"},
				"east": {"uv": [7.25, 9, 7.375, 9.9375], "texture": "#1"},
				"south": {"uv": [0, 9.125, 0.125, 10.0625], "texture": "#1"},
				"west": {"uv": [0.75, 9.125, 0.875, 10.0625], "texture": "#1"},
				"up": {"uv": [10.75, 12.75, 10.625, 12.625], "texture": "#1"},
				"down": {"uv": [0.125, 12.75, 0, 12.875], "texture": "#1"}
			}
		},
		{
			"from": [4.07116, 11.08211, -1.43692],
			"to": [5.39116, 20.85011, -0.11692],
			"shade": false,
			"rotation": {"angle": -22.5, "axis": "z", "origin": [4.73116, 13.59011, -0.77692]},
			"faces": {
				"north": {"uv": [1, 9.125, 1.125, 10.0625], "texture": "#1"},
				"east": {"uv": [0.25, 9.25, 0.375, 10.1875], "texture": "#1"},
				"south": {"uv": [0.5, 9.25, 0.625, 10.1875], "texture": "#1"},
				"west": {"uv": [1.75, 9.25, 1.875, 10.1875], "texture": "#1"},
				"up": {"uv": [0.375, 12.875, 0.25, 12.75], "texture": "#1"},
				"down": {"uv": [0.625, 12.75, 0.5, 12.875], "texture": "#1"}
			}
		},
		{
			"from": [3.55635, 12.70611, -0.4469],
			"to": [4.21635, 17.98611, 0.5431],
			"rotation": {"angle": 0, "axis": "y", "origin": [2.23635, 12.37611, 2.19308]},
			"faces": {
				"north": {"uv": [6.625, 12, 6.6875, 12.5], "texture": "#1"},
				"east": {"uv": [10.75, 10.875, 10.84375, 11.375], "texture": "#1"},
				"south": {"uv": [10.625, 12, 10.6875, 12.5], "texture": "#1"},
				"west": {"uv": [0.25, 11, 0.34375, 11.5], "texture": "#1"},
				"up": {"uv": [12.5625, 12.96875, 12.5, 12.875], "texture": "#1"},
				"down": {"uv": [12.8125, 12.875, 12.75, 12.96875], "texture": "#1"}
			}
		},
		{
			"from": [2.23635, 12.37611, -0.44692],
			"to": [3.55635, 17.65611, 4.93308],
			"rotation": {"angle": 0, "axis": "y", "origin": [2.89635, 15.01611, 2.85308]},
			"faces": {
				"north": {"uv": [6.625, 10.25, 6.75, 10.75], "texture": "#1"},
				"east": {"uv": [6.75, 2.125, 7.25, 2.625], "texture": "#1"},
				"south": {"uv": [8, 10.25, 8.125, 10.75], "texture": "#1"},
				"west": {"uv": [0.625, 6.875, 1.125, 7.375], "texture": "#1"},
				"up": {"uv": [9.875, 10.75, 9.75, 10.25], "texture": "#1"},
				"down": {"uv": [0.375, 10.375, 0.25, 10.875], "texture": "#1"}
			}
		},
		{
			"from": [3.47628, 16.64265, -0.44829],
			"to": [4.79628, 21.26265, 4.93039],
			"rotation": {"angle": -45, "axis": "z", "origin": [4.13628, 18.62265, 2.85308]},
			"faces": {
				"north": {"uv": [2.75, 10.625, 2.875, 11.0625], "texture": "#1"},
				"east": {"uv": [8.375, 4.25, 8.875, 4.6875], "texture": "#1"},
				"south": {"uv": [3, 10.625, 3.125, 11.0625], "texture": "#1"},
				"west": {"uv": [8.375, 4.875, 8.875, 5.3125], "texture": "#1"},
				"up": {"uv": [0.625, 10.875, 0.5, 10.375], "texture": "#1"},
				"down": {"uv": [1.875, 10.375, 1.75, 10.875], "texture": "#1"}
			}
		},
		{
			"from": [4.21635, 10.72611, -0.4469],
			"to": [5.53635, 19.63611, 0.8599],
			"rotation": {"angle": 0, "axis": "y", "origin": [2.89635, 12.37611, 2.19308]},
			"faces": {
				"north": {"uv": [1.375, 3.875, 1.5, 4.71875], "texture": "#1"},
				"east": {"uv": [2, 9.25, 2.125, 10.09375], "texture": "#1"},
				"south": {"uv": [4.25, 9.25, 4.375, 10.09375], "texture": "#1"},
				"west": {"uv": [4.5, 9.25, 4.625, 10.09375], "texture": "#1"},
				"up": {"uv": [0.875, 12.875, 0.75, 12.75], "texture": "#1"},
				"down": {"uv": [12.875, 0.75, 12.75, 0.875], "texture": "#1"}
			}
		},
		{
			"from": [12.13635, 12.70611, -0.4469],
			"to": [12.79635, 17.98611, 0.5431],
			"rotation": {"angle": 0, "axis": "y", "origin": [10.81635, 12.37611, 2.19308]},
			"faces": {
				"north": {"uv": [3.5, 12.125, 3.5625, 12.625], "texture": "#1"},
				"east": {"uv": [0.5, 11, 0.59375, 11.5], "texture": "#1"},
				"south": {"uv": [12.125, 6.25, 12.1875, 6.75], "texture": "#1"},
				"west": {"uv": [0.75, 11, 0.84375, 11.5], "texture": "#1"},
				"up": {"uv": [0.0625, 13.09375, 0, 13], "texture": "#1"},
				"down": {"uv": [0.3125, 13, 0.25, 13.09375], "texture": "#1"}
			}
		},
		{
			"from": [10.81635, 10.72611, -0.4469],
			"to": [12.13635, 19.63611, 0.8599],
			"rotation": {"angle": 0, "axis": "y", "origin": [9.49635, 12.37611, 2.19308]},
			"faces": {
				"north": {"uv": [4.75, 9.25, 4.875, 10.09375], "texture": "#1"},
				"east": {"uv": [5, 9.25, 5.125, 10.09375], "texture": "#1"},
				"south": {"uv": [5.25, 9.25, 5.375, 10.09375], "texture": "#1"},
				"west": {"uv": [5.5, 9.25, 5.625, 10.09375], "texture": "#1"},
				"up": {"uv": [12.875, 1.125, 12.75, 1], "texture": "#1"},
				"down": {"uv": [12.875, 1.25, 12.75, 1.375], "texture": "#1"}
			}
		},
		{
			"from": [5.53635, 15.67611, -0.4469],
			"to": [10.81635, 19.63611, 0.8731],
			"rotation": {"angle": 0, "axis": "y", "origin": [5.53635, 12.37611, 2.19308]},
			"faces": {
				"north": {"uv": [8.5, 8.25, 9, 8.625], "texture": "#1"},
				"east": {"uv": [11, 0.25, 11.125, 0.625], "texture": "#1"},
				"south": {"uv": [8.625, 0, 9.125, 0.375], "texture": "#1"},
				"west": {"uv": [1, 11, 1.125, 11.375], "texture": "#1"},
				"up": {"uv": [10.875, 4.875, 10.375, 4.75], "texture": "#1"},
				"down": {"uv": [10.875, 5, 10.375, 5.125], "texture": "#1"}
			}
		},
		{
			"from": [3.71756, 8.73074, -1.43565],
			"to": [5.03756, 11.89874, -0.11565],
			"shade": false,
			"rotation": {"angle": 22.5, "axis": "z", "origin": [4.37756, 10.31474, -0.77692]},
			"faces": {
				"north": {"uv": [6.375, 11.5, 6.5, 11.8125], "texture": "#1"},
				"east": {"uv": [6.625, 11.5, 6.75, 11.8125], "texture": "#1"},
				"south": {"uv": [9.125, 11.5, 9.25, 11.8125], "texture": "#1"},
				"west": {"uv": [9.375, 11.5, 9.5, 11.8125], "texture": "#1"},
				"up": {"uv": [1.5, 12.875, 1.375, 12.75], "texture": "#1"},
				"down": {"uv": [12.875, 1.5, 12.75, 1.625], "texture": "#1"}
			}
		},
		{
			"from": [3.47628, 8.76956, -0.44829],
			"to": [4.79628, 13.38956, 4.93171],
			"rotation": {"angle": 45, "axis": "z", "origin": [4.13628, 11.40956, 2.85308]},
			"faces": {
				"north": {"uv": [10.625, 3, 10.75, 3.4375], "texture": "#1"},
				"east": {"uv": [8.375, 5.5, 8.875, 5.9375], "texture": "#1"},
				"south": {"uv": [3.25, 10.625, 3.375, 11.0625], "texture": "#1"},
				"west": {"uv": [8.375, 6.125, 8.875, 6.5625], "texture": "#1"},
				"up": {"uv": [10.5, 5.75, 10.375, 5.25], "texture": "#1"},
				"down": {"uv": [10.5, 5.875, 10.375, 6.375], "texture": "#1"}
			}
		},
		{
			"from": [5.53635, 9.07611, -0.44692],
			"to": [10.81635, 10.39611, 4.93308],
			"rotation": {"angle": 0, "axis": "y", "origin": [8.17635, 11.05611, 2.19308]},
			"faces": {
				"north": {"uv": [10.375, 6.5, 10.875, 6.625], "texture": "#1"},
				"east": {"uv": [10.375, 6.75, 10.875, 6.875], "texture": "#1"},
				"south": {"uv": [10.375, 8.125, 10.875, 8.25], "texture": "#1"},
				"west": {"uv": [10.375, 8.375, 10.875, 8.5], "texture": "#1"},
				"up": {"uv": [7.375, 5.875, 6.875, 5.375], "texture": "#1"},
				"down": {"uv": [3, 7, 2.5, 7.5], "texture": "#1"}
			}
		},
		{
			"from": [11.55642, 8.76956, -0.44829],
			"to": [12.87642, 13.38956, 4.93171],
			"rotation": {"angle": -45, "axis": "z", "origin": [12.21642, 11.40956, 2.85308]},
			"faces": {
				"north": {"uv": [3.5, 10.625, 3.625, 11.0625], "texture": "#1"},
				"east": {"uv": [7, 8.375, 7.5, 8.8125], "texture": "#1"},
				"south": {"uv": [3.75, 10.625, 3.875, 11.0625], "texture": "#1"},
				"west": {"uv": [0.75, 8.5, 1.25, 8.9375], "texture": "#1"},
				"up": {"uv": [10.125, 10.875, 10, 10.375], "texture": "#1"},
				"down": {"uv": [10.375, 10.375, 10.25, 10.875], "texture": "#1"}
			}
		},
		{
			"from": [11.31513, 8.73074, -1.43565],
			"to": [12.63513, 11.89874, -0.11565],
			"rotation": {"angle": -22.5, "axis": "z", "origin": [11.97513, 10.31474, -0.77692]},
			"faces": {
				"north": {"uv": [10.625, 11.5, 10.75, 11.8125], "texture": "#1"},
				"east": {"uv": [11.5, 11.375, 11.625, 11.6875], "texture": "#1"},
				"south": {"uv": [0.25, 11.625, 0.375, 11.9375], "texture": "#1"},
				"west": {"uv": [0.5, 11.625, 0.625, 11.9375], "texture": "#1"},
				"up": {"uv": [1.75, 12.875, 1.625, 12.75], "texture": "#1"},
				"down": {"uv": [2.625, 12.75, 2.5, 12.875], "texture": "#1"}
			}
		},
		{
			"from": [5.53635, 10.39611, 0.87308],
			"to": [10.81635, 15.67611, 0.88628],
			"rotation": {"angle": 0, "axis": "y", "origin": [8.17635, 12.37611, 3.51308]},
			"faces": {
				"north": {"uv": [7, 4.5, 7.5, 5], "texture": "#1"},
				"east": {"uv": [2.75, 12.75, 2.78125, 13.25], "texture": "#1"},
				"south": {"uv": [6.625, 7, 7.125, 7.5], "texture": "#1"},
				"west": {"uv": [3.5, 12.75, 3.53125, 13.25], "texture": "#1"},
				"up": {"uv": [4.5, 12.78125, 4, 12.75], "texture": "#1"},
				"down": {"uv": [7.375, 12.75, 6.875, 12.78125], "texture": "#1"}
			}
		},
		{
			"from": [7.64835, 20.74872, -3.74692],
			"to": [8.70435, 21.80472, -1.10692],
			"rotation": {"angle": 45, "axis": "x", "origin": [8.17635, 21.34272, -0.44692]},
			"faces": {
				"north": {"uv": [11.25, 12.75, 11.34375, 12.84375], "texture": "#1"},
				"east": {"uv": [1.125, 12.375, 1.375, 12.46875], "texture": "#1"},
				"south": {"uv": [3.75, 12.875, 3.84375, 12.96875], "texture": "#1"},
				"west": {"uv": [2, 12.375, 2.25, 12.46875], "texture": "#1"},
				"up": {"uv": [1.59375, 12.625, 1.5, 12.375], "texture": "#1"},
				"down": {"uv": [2.84375, 12.375, 2.75, 12.625], "texture": "#1"}
			}
		},
		{
			"from": [7.84635, 21.74948, -3.05708],
			"to": [8.50635, 27.02948, -2.39708],
			"rotation": {"angle": 0, "axis": "y", "origin": [8.17635, 24.38948, -2.79308]},
			"faces": {
				"north": {"uv": [6.875, 12.125, 6.9375, 12.625], "texture": "#1"},
				"east": {"uv": [12.125, 8, 12.1875, 8.5], "texture": "#1"},
				"south": {"uv": [10.875, 12.125, 10.9375, 12.625], "texture": "#1"},
				"west": {"uv": [12.125, 11.875, 12.1875, 12.375], "texture": "#1"},
				"up": {"uv": [2.4375, 13.0625, 2.375, 13], "texture": "#1"},
				"down": {"uv": [13.0625, 2.5, 13, 2.5625], "texture": "#1"}
			}
		},
		{
			"from": [6.52635, 25.45345, -3.438],
			"to": [9.82635, 28.75345, -3.108],
			"rotation": {"angle": 22.5, "axis": "x", "origin": [8.17635, 27.10345, -3.438]},
			"faces": {
				"north": {"uv": [9.125, 2, 9.4375, 2.3125], "texture": "#1"},
				"east": {"uv": [12.75, 8.5, 12.78125, 8.8125], "texture": "#1"},
				"south": {"uv": [9.125, 8.25, 9.4375, 8.5625], "texture": "#1"},
				"west": {"uv": [12.75, 9, 12.78125, 9.3125], "texture": "#1"},
				"up": {"uv": [13.0625, 9.53125, 12.75, 9.5], "texture": "#1"},
				"down": {"uv": [13.0625, 10.75, 12.75, 10.78125], "texture": "#1"}
			}
		},
		{
			"from": [7.84635, 26.77345, -4.098],
			"to": [8.50635, 27.43345, -2.448],
			"rotation": {"angle": 22.5, "axis": "x", "origin": [8.17635, 27.10345, -3.438]},
			"faces": {
				"north": {"uv": [13, 2.75, 13.0625, 2.8125], "texture": "#1"},
				"east": {"uv": [10.25, 12.75, 10.40625, 12.8125], "texture": "#1"},
				"south": {"uv": [13, 3, 13.0625, 3.0625], "texture": "#1"},
				"west": {"uv": [10.875, 12.75, 11.03125, 12.8125], "texture": "#1"},
				"up": {"uv": [9.6875, 12.90625, 9.625, 12.75], "texture": "#1"},
				"down": {"uv": [12.8125, 11, 12.75, 11.15625], "texture": "#1"}
			}
		},
		{
			"from": [4.21635, 23.59611, 10.77308],
			"to": [4.87635, 27.55611, 11.43308],
			"rotation": {"angle": 0, "axis": "y", "origin": [14.77635, 34.15611, 20.67308]},
			"faces": {
				"north": {"uv": [3, 12.375, 3.0625, 12.75], "texture": "#1"},
				"east": {"uv": [3.25, 12.375, 3.3125, 12.75], "texture": "#1"},
				"south": {"uv": [3.75, 12.375, 3.8125, 12.75], "texture": "#1"},
				"west": {"uv": [12.375, 4.75, 12.4375, 5.125], "texture": "#1"},
				"up": {"uv": [13.0625, 3.3125, 13, 3.25], "texture": "#1"},
				"down": {"uv": [13.0625, 3.5, 13, 3.5625], "texture": "#1"}
			}
		},
		{
			"from": [16.68314, 20.52945, 8.46308],
			"to": [17.34314, 24.48945, 9.12308],
			"rotation": {"angle": -45, "axis": "z", "origin": [17.01314, 22.50945, 8.79308]},
			"faces": {
				"north": {"uv": [12.375, 5.25, 12.4375, 5.625], "texture": "#1"},
				"east": {"uv": [5.375, 12.375, 5.4375, 12.75], "texture": "#1"},
				"south": {"uv": [5.625, 12.375, 5.6875, 12.75], "texture": "#1"},
				"west": {"uv": [12.375, 6.25, 12.4375, 6.625], "texture": "#1"},
				"up": {"uv": [13.0625, 3.8125, 13, 3.75], "texture": "#1"},
				"down": {"uv": [4.0625, 13, 4, 13.0625], "texture": "#1"}
			}
		},
		{
			"from": [16.94425, 23.75222, 7.14308],
			"to": [20.24425, 24.08222, 10.44308],
			"rotation": {"angle": -22.5, "axis": "z", "origin": [18.59425, 24.41222, 8.79308]},
			"faces": {
				"north": {"uv": [12.875, 0, 13.1875, 0.03125], "texture": "#1"},
				"east": {"uv": [1.875, 12.875, 2.1875, 12.90625], "texture": "#1"},
				"south": {"uv": [3, 12.875, 3.3125, 12.90625], "texture": "#1"},
				"west": {"uv": [12.875, 4.5, 13.1875, 4.53125], "texture": "#1"},
				"up": {"uv": [9.5625, 0.3125, 9.25, 0], "texture": "#1"},
				"down": {"uv": [6.0625, 9.25, 5.75, 9.5625], "texture": "#1"}
			}
		},
		{
			"from": [18.26425, 24.08222, 8.46308],
			"to": [18.92425, 24.74222, 9.12308],
			"rotation": {"angle": -22.5, "axis": "z", "origin": [18.59425, 24.41222, 8.79308]},
			"faces": {
				"north": {"uv": [13, 4, 13.0625, 4.0625], "texture": "#1"},
				"east": {"uv": [4.25, 13, 4.3125, 13.0625], "texture": "#1"},
				"south": {"uv": [13, 4.25, 13.0625, 4.3125], "texture": "#1"},
				"west": {"uv": [5, 13, 5.0625, 13.0625], "texture": "#1"},
				"up": {"uv": [13.0625, 5.5625, 13, 5.5], "texture": "#1"},
				"down": {"uv": [5.8125, 13, 5.75, 13.0625], "texture": "#1"}
			}
		},
		{
			"from": [8.5753, 7.03011, 9.98637],
			"to": [11.2153, 9.14211, 11.04237],
			"rotation": {"angle": 45, "axis": "y", "origin": [9.8953, 8.61411, 10.51437]},
			"faces": {
				"north": {"uv": [9.75, 0.25, 10.0625, 0.5], "texture": "#1"},
				"east": {"uv": [2.75, 11.75, 2.875, 12], "texture": "#1"},
				"south": {"uv": [9.75, 0.625, 10.0625, 0.875], "texture": "#1"},
				"west": {"uv": [3, 11.75, 3.125, 12], "texture": "#1"},
				"up": {"uv": [6.8125, 11.375, 6.5, 11.25], "texture": "#1"},
				"down": {"uv": [11.6875, 1.75, 11.375, 1.875], "texture": "#1"}
			}
		},
		{
			"from": [4.84728, 7.03011, 7.33311],
			"to": [5.90328, 9.14211, 9.97311],
			"rotation": {"angle": 0, "axis": "y", "origin": [27.02328, 16.53411, 13.93311]},
			"faces": {
				"north": {"uv": [3.5, 11.75, 3.625, 12], "texture": "#1"},
				"east": {"uv": [9.75, 7, 10.0625, 7.25], "texture": "#1"},
				"south": {"uv": [5.5, 11.75, 5.625, 12], "texture": "#1"},
				"west": {"uv": [9.875, 4, 10.1875, 4.25], "texture": "#1"},
				"up": {"uv": [1.375, 11.5625, 1.25, 11.25], "texture": "#1"},
				"down": {"uv": [3.75, 11.25, 3.625, 11.5625], "texture": "#1"}
			}
		},
		{
			"from": [4.81526, 7.03011, 9.98637],
			"to": [7.45526, 9.14211, 11.04237],
			"rotation": {"angle": -45, "axis": "y", "origin": [6.13526, 8.61411, 10.51437]},
			"faces": {
				"north": {"uv": [9.875, 4.375, 10.1875, 4.625], "texture": "#1"},
				"east": {"uv": [5.75, 11.75, 5.875, 12], "texture": "#1"},
				"south": {"uv": [9.875, 4.75, 10.1875, 5], "texture": "#1"},
				"west": {"uv": [6.875, 11.75, 7, 12], "texture": "#1"},
				"up": {"uv": [11.6875, 2.125, 11.375, 2], "texture": "#1"},
				"down": {"uv": [11.6875, 2.25, 11.375, 2.375], "texture": "#1"}
			}
		},
		{
			"from": [6.69528, 7.03011, 10.76511],
			"to": [9.33528, 9.14211, 11.82111],
			"rotation": {"angle": 0, "axis": "y", "origin": [18.57528, 16.53411, 17.10111]},
			"faces": {
				"north": {"uv": [9.875, 5.125, 10.1875, 5.375], "texture": "#1"},
				"east": {"uv": [10.875, 11.75, 11, 12], "texture": "#1"},
				"south": {"uv": [9.875, 5.5, 10.1875, 5.75], "texture": "#1"},
				"west": {"uv": [11.75, 11.625, 11.875, 11.875], "texture": "#1"},
				"up": {"uv": [11.6875, 2.625, 11.375, 2.5], "texture": "#1"},
				"down": {"uv": [11.6875, 2.75, 11.375, 2.875], "texture": "#1"}
			}
		},
		{
			"from": [10.12728, 7.03011, 7.33311],
			"to": [11.18328, 9.14211, 9.97311],
			"rotation": {"angle": 0, "axis": "y", "origin": [32.30328, 16.53411, 13.93311]},
			"faces": {
				"north": {"uv": [11.875, 0.25, 12, 0.5], "texture": "#1"},
				"east": {"uv": [9.875, 5.875, 10.1875, 6.125], "texture": "#1"},
				"south": {"uv": [1.75, 11.875, 1.875, 12.125], "texture": "#1"},
				"west": {"uv": [9.875, 6.25, 10.1875, 6.5], "texture": "#1"},
				"up": {"uv": [7.125, 11.5625, 7, 11.25], "texture": "#1"},
				"down": {"uv": [11.5, 3, 11.375, 3.3125], "texture": "#1"}
			}
		},
		{
			"from": [8.5753, 7.03011, 6.26384],
			"to": [11.2153, 9.14211, 7.31984],
			"rotation": {"angle": -45, "axis": "y", "origin": [9.8953, 8.61411, 6.79184]},
			"faces": {
				"north": {"uv": [6.5, 9.875, 6.8125, 10.125], "texture": "#1"},
				"east": {"uv": [11.875, 1.75, 12, 2], "texture": "#1"},
				"south": {"uv": [9.875, 6.625, 10.1875, 6.875], "texture": "#1"},
				"west": {"uv": [11.875, 2.125, 12, 2.375], "texture": "#1"},
				"up": {"uv": [11.6875, 3.625, 11.375, 3.5], "texture": "#1"},
				"down": {"uv": [11.6875, 3.75, 11.375, 3.875], "texture": "#1"}
			}
		},
		{
			"from": [6.69528, 7.03011, 5.48511],
			"to": [9.33528, 9.14211, 6.54111],
			"rotation": {"angle": 0, "axis": "y", "origin": [18.57528, 16.53411, 11.82111]},
			"faces": {
				"north": {"uv": [9.125, 9.875, 9.4375, 10.125], "texture": "#1"},
				"east": {"uv": [11.875, 2.5, 12, 2.75], "texture": "#1"},
				"south": {"uv": [9.875, 9.5, 10.1875, 9.75], "texture": "#1"},
				"west": {"uv": [11.875, 3.375, 12, 3.625], "texture": "#1"},
				"up": {"uv": [4.8125, 11.5, 4.5, 11.375], "texture": "#1"},
				"down": {"uv": [11.6875, 7, 11.375, 7.125], "texture": "#1"}
			}
		},
		{
			"from": [4.81526, 7.03011, 6.26384],
			"to": [7.45526, 9.14211, 7.31984],
			"rotation": {"angle": 45, "axis": "y", "origin": [6.13526, 8.61411, 6.79184]},
			"faces": {
				"north": {"uv": [9.625, 9.875, 9.9375, 10.125], "texture": "#1"},
				"east": {"uv": [11.875, 3.75, 12, 4], "texture": "#1"},
				"south": {"uv": [10, 2.375, 10.3125, 2.625], "texture": "#1"},
				"west": {"uv": [11.875, 4.125, 12, 4.375], "texture": "#1"},
				"up": {"uv": [7.5625, 11.5, 7.25, 11.375], "texture": "#1"},
				"down": {"uv": [8.0625, 11.375, 7.75, 11.5], "texture": "#1"}
			}
		},
		{
			"from": [3.77384, 14.37698, 10.42359],
			"to": [12.22184, 22.07498, 10.42359],
			"rotation": {"angle": 0, "axis": "y", "origin": [-14.99085, 17.64985, 5.96652]},
			"faces": {
				"north": {"uv": [0, 0, 2.112, 2.112], "texture": "#3"},
				"east": {"uv": [8.5, 8.75, 8.5, 10.875], "texture": "#3"},
				"south": {"uv": [0, 2.5, 2.125, 4.625], "texture": "#3"},
				"west": {"uv": [9.25, 8, 9.25, 10.125], "texture": "#3"},
				"up": {"uv": [10.875, 6.25, 8.75, 6.25], "texture": "#3"},
				"down": {"uv": [11.375, 4.75, 9.25, 4.75], "texture": "#3"}
			}
		},
		{
			"from": [5.79304, 14.26698, 5.36323],
			"to": [10.20264, 14.48023, 10.43203],
			"rotation": {"angle": 0, "axis": "y", "origin": [7.99315, 17.64985, 5.96652]},
			"faces": {
				"north": {"uv": [8.25, 7, 9.34375, 7.0625], "texture": "#3"},
				"east": {"uv": [8, 6.5, 9.28125, 6.5625], "texture": "#3"},
				"south": {"uv": [8.25, 7.5, 9.34375, 7.5625], "texture": "#3"},
				"west": {"uv": [7, 8.25, 8.28125, 8.3125], "texture": "#3"},
				"up": {"uv": [5.59375, 2.78125, 4.5, 1.5], "texture": "#3"},
				"down": {"uv": [3.59375, 4.5, 2.5, 5.78125], "texture": "#3"}
			}
		},
		{
			"from": [1.54304, 9.06698, 4.86323],
			"to": [14.95264, 9.28023, 12.68203],
			"rotation": {"angle": 0, "axis": "y", "origin": [7.99315, 17.64985, 5.96652]},
			"faces": {
				"north": {"uv": [8.25, 7, 9.34375, 7.0625], "texture": "#3"},
				"east": {"uv": [8, 6.5, 9.28125, 6.5625], "texture": "#3"},
				"south": {"uv": [8.25, 7.5, 9.34375, 7.5625], "texture": "#3"},
				"west": {"uv": [7, 8.25, 8.28125, 8.3125], "texture": "#3"},
				"up": {"uv": [5.59375, 2.78125, 4.5, 1.5], "texture": "#3"},
				"down": {"uv": [3.59375, 4.5, 2.5, 5.78125], "texture": "#3"}
			}
		},
		{
			"from": [6.61651, 20.38538, 3.92723],
			"to": [9.35571, 20.43018, 10.43203],
			"rotation": {"angle": 0, "axis": "y", "origin": [7.99742, 17.64985, 5.96652]},
			"faces": {
				"north": {"uv": [9.25, 2.25, 9.9375, 2.28125], "texture": "#3"},
				"east": {"uv": [3, 8.5, 4.625, 8.53125], "texture": "#3"},
				"south": {"uv": [9.25, 2.75, 9.9375, 2.78125], "texture": "#3"},
				"west": {"uv": [8.5, 3.25, 10.125, 3.28125], "texture": "#3"},
				"up": {"uv": [6.6875, 6.125, 6, 4.5], "texture": "#3"},
				"down": {"uv": [0.6875, 6.25, 0, 7.875], "texture": "#3"}
			}
		},
		{
			"from": [10.87144, 15.49399, 3.92723],
			"to": [10.91624, 18.67479, 10.43203],
			"rotation": {"angle": 45, "axis": "z", "origin": [7.99784, 17.64985, 5.96652]},
			"faces": {
				"north": {"uv": [9, 1, 9.03125, 1.78125], "texture": "#3"},
				"east": {"uv": [4.5, 3.25, 6.125, 4.03125], "texture": "#3"},
				"south": {"uv": [4, 9, 4.03125, 9.78125], "texture": "#3"},
				"west": {"uv": [4, 4.5, 5.625, 5.28125], "texture": "#3"},
				"up": {"uv": [1.53125, 10.125, 1.5, 8.5], "texture": "#3"},
				"down": {"uv": [8.78125, 3.75, 8.75, 5.375], "texture": "#3"}
			}
		},
		{
			"from": [5.06345, 15.51, 3.92723],
			"to": [5.10825, 18.6588, 10.43203],
			"rotation": {"angle": -45, "axis": "z", "origin": [7.99784, 17.64985, 5.96652]},
			"faces": {
				"north": {"uv": [4.5, 9, 4.53125, 9.78125], "texture": "#3"},
				"east": {"uv": [0, 5, 1.625, 5.78125], "texture": "#3"},
				"south": {"uv": [5, 9, 5.03125, 9.78125], "texture": "#3"},
				"west": {"uv": [4, 5.75, 5.625, 6.53125], "texture": "#3"},
				"up": {"uv": [6.03125, 10.375, 6, 8.75], "texture": "#3"},
				"down": {"uv": [6.53125, 8.75, 6.5, 10.375], "texture": "#3"}
			}
		},
		{
			"from": [5.00759, 15.41859, 3.92723],
			"to": [5.05239, 19.94339, 10.43203],
			"rotation": {"angle": 22.5, "axis": "z", "origin": [7.99784, 17.64985, 5.96652]},
			"faces": {
				"north": {"uv": [2, 9, 2.03125, 10.125], "texture": "#3"},
				"east": {"uv": [2.5, 0, 4.125, 1.125], "texture": "#3"},
				"south": {"uv": [2.5, 9, 2.53125, 10.125], "texture": "#3"},
				"west": {"uv": [2.5, 1.5, 4.125, 2.625], "texture": "#3"},
				"up": {"uv": [7.03125, 10.375, 7, 8.75], "texture": "#3"},
				"down": {"uv": [7.53125, 8.75, 7.5, 10.375], "texture": "#3"}
			}
		},
		{
			"from": [10.95196, 15.3977, 3.92723],
			"to": [10.99676, 19.9225, 10.43203],
			"rotation": {"angle": -22.5, "axis": "z", "origin": [7.99784, 17.64985, 5.96652]},
			"faces": {
				"north": {"uv": [3, 9, 3.03125, 10.125], "texture": "#3"},
				"east": {"uv": [2.5, 3, 4.125, 4.125], "texture": "#3"},
				"south": {"uv": [3.5, 9, 3.53125, 10.125], "texture": "#3"},
				"west": {"uv": [4.5, 0, 6.125, 1.125], "texture": "#3"},
				"up": {"uv": [8.03125, 10.375, 8, 8.75], "texture": "#3"},
				"down": {"uv": [8.78125, 8, 8.75, 9.625], "texture": "#3"}
			}
		},
		{
			"from": [10.34678, 17.41854, 4.06557],
			"to": [11.03158, 19.72894, 5.55037],
			"rotation": {"angle": -45, "axis": "z", "origin": [7.99784, 17.64985, 5.96652]},
			"faces": {
				"north": {"uv": [8, 2.25, 8.15625, 2.8125], "texture": "#3"},
				"east": {"uv": [7, 5.5, 7.375, 6.0625], "texture": "#3"},
				"south": {"uv": [2.5, 8, 2.65625, 8.5625], "texture": "#3"},
				"west": {"uv": [6.5, 7, 6.875, 7.5625], "texture": "#3"},
				"up": {"uv": [8.65625, 0.875, 8.5, 0.5], "texture": "#3"},
				"down": {"uv": [1.15625, 8.5, 1, 8.875], "texture": "#3"}
			}
		},
		{
			"from": [5.51464, 14.47178, 4.72323],
			"to": [10.48104, 15.95658, 5.56803],
			"rotation": {"angle": 0, "axis": "y", "origin": [7.98995, 17.64985, 5.96652]},
			"faces": {
				"north": {"uv": [6, 2.5, 7.25, 2.875], "texture": "#3"},
				"east": {"uv": [8, 4.75, 8.21875, 5.125], "texture": "#3"},
				"south": {"uv": [6.5, 0, 7.75, 0.375], "texture": "#3"},
				"west": {"uv": [6.5, 8, 6.71875, 8.375], "texture": "#3"},
				"up": {"uv": [5.25, 7.21875, 4, 7], "texture": "#3"},
				"down": {"uv": [8.25, 4.25, 7, 4.46875], "texture": "#3"}
			}
		},
		{
			"from": [5.92991, 14.62727, 4.06557],
			"to": [8.24031, 15.31207, 5.55037],
			"rotation": {"angle": -45, "axis": "z", "origin": [7.99784, 17.64985, 5.96652]},
			"faces": {
				"north": {"uv": [3, 8, 3.5625, 8.15625], "texture": "#3"},
				"east": {"uv": [8.5, 2.25, 8.875, 2.40625], "texture": "#3"},
				"south": {"uv": [4, 8, 4.5625, 8.15625], "texture": "#3"},
				"west": {"uv": [8.5, 2.75, 8.875, 2.90625], "texture": "#3"},
				"up": {"uv": [1.5625, 7.625, 1, 7.25], "texture": "#3"},
				"down": {"uv": [2.5625, 7.25, 2, 7.625], "texture": "#3"}
			}
		},
		{
			"from": [4.87464, 16.7343, 3.64262],
			"to": [11.12104, 18.8591, 4.48742],
			"rotation": {"angle": -45, "axis": "x", "origin": [7.98995, 17.64985, 5.96652]},
			"faces": {
				"north": {"uv": [6, 1.5, 7.5625, 2.03125], "texture": "#3"},
				"east": {"uv": [6, 7.75, 6.21875, 8.28125], "texture": "#3"},
				"south": {"uv": [1, 6.25, 2.5625, 6.78125], "texture": "#3"},
				"west": {"uv": [2, 8, 2.21875, 8.53125], "texture": "#3"},
				"up": {"uv": [8.0625, 0.96875, 6.5, 0.75], "texture": "#3"},
				"down": {"uv": [7.5625, 6.5, 6, 6.71875], "texture": "#3"}
			}
		},
		{
			"from": [6.79464, 17.45904, 3.22077],
			"to": [9.20104, 20.44784, 4.06557],
			"rotation": {"angle": 0, "axis": "y", "origin": [7.98995, 17.64985, 5.96652]},
			"faces": {
				"north": {"uv": [3, 6.25, 3.59375, 7], "texture": "#3"},
				"east": {"uv": [2, 5, 2.21875, 5.75], "texture": "#3"},
				"south": {"uv": [6.5, 3.25, 7.09375, 4], "texture": "#3"},
				"west": {"uv": [7.5, 2.5, 7.71875, 3.25], "texture": "#3"},
				"up": {"uv": [8.59375, 1.46875, 8, 1.25], "texture": "#3"},
				"down": {"uv": [8.59375, 1.75, 8, 1.96875], "texture": "#3"}
			}
		},
		{
			"from": [6.62231, 20.43514, 3.22077],
			"to": [9.13111, 20.63354, 4.06557],
			"rotation": {"angle": 45, "axis": "z", "origin": [7.99784, 17.64985, 5.96652]},
			"faces": {
				"north": {"uv": [9, 0, 9.625, 0.0625], "texture": "#3"},
				"east": {"uv": [9.25, 3.75, 9.46875, 3.8125], "texture": "#3"},
				"south": {"uv": [9, 0.5, 9.625, 0.5625], "texture": "#3"},
				"west": {"uv": [9.25, 4.25, 9.46875, 4.3125], "texture": "#3"},
				"up": {"uv": [8.625, 0.21875, 8, 0], "texture": "#3"},
				"down": {"uv": [1.625, 8, 1, 8.21875], "texture": "#3"}
			}
		},
		{
			"from": [6.86457, 20.43514, 3.22077],
			"to": [9.37337, 20.63354, 4.06557],
			"rotation": {"angle": -45, "axis": "z", "origin": [7.99784, 17.64985, 5.96652]},
			"faces": {
				"north": {"uv": [9.625, 0, 9, 0.0625], "texture": "#3"},
				"east": {"uv": [9.46875, 4.25, 9.25, 4.3125], "texture": "#3"},
				"south": {"uv": [9.625, 0.5, 9, 0.5625], "texture": "#3"},
				"west": {"uv": [9.46875, 3.75, 9.25, 3.8125], "texture": "#3"},
				"up": {"uv": [8, 0.21875, 8.625, 0], "texture": "#3"},
				"down": {"uv": [1, 8, 1.625, 8.21875], "texture": "#3"}
			}
		},
		{
			"from": [8.92099, 16.34999, 3.22077],
			"to": [11.63539, 17.51479, 4.06493],
			"rotation": {"angle": 22.5, "axis": "z", "origin": [7.99784, 17.64985, 5.96652]},
			"faces": {
				"north": {"uv": [3, 7.25, 3.6875, 7.53125], "texture": "#3"},
				"east": {"uv": [5, 8.25, 5.21875, 8.53125], "texture": "#3"},
				"south": {"uv": [7.25, 7, 7.9375, 7.28125], "texture": "#3"},
				"west": {"uv": [5.5, 8.25, 5.71875, 8.53125], "texture": "#3"},
				"up": {"uv": [8.1875, 3.71875, 7.5, 3.5], "texture": "#3"},
				"down": {"uv": [4.6875, 7.5, 4, 7.71875], "texture": "#3"}
			}
		},
		{
			"from": [4.31088, 16.29202, 3.22077],
			"to": [7.08928, 17.52082, 4.06493],
			"rotation": {"angle": -22.5, "axis": "z", "origin": [7.99784, 17.64985, 5.96652]},
			"faces": {
				"north": {"uv": [7, 4.75, 7.6875, 5.0625], "texture": "#3"},
				"east": {"uv": [0, 8.25, 0.21875, 8.5625], "texture": "#3"},
				"south": {"uv": [5.5, 7, 6.1875, 7.3125], "texture": "#3"},
				"west": {"uv": [0.5, 8.25, 0.71875, 8.5625], "texture": "#3"},
				"up": {"uv": [5.6875, 7.96875, 5, 7.75], "texture": "#3"},
				"down": {"uv": [8.4375, 5.5, 7.75, 5.71875], "texture": "#3"}
			}
		},
		{
			"from": [4.80277, 17.52244, 3.47077],
			"to": [7.08117, 19.75124, 3.81493],
			"rotation": {"angle": -22.5, "axis": "z", "origin": [7.98973, 17.63026, 5.96652]},
			"faces": {
				"north": {"uv": [0, 0, 2.25, 2.25], "texture": "#4"},
				"east": {"uv": [7, 0, 7.375, 2.25], "texture": "#4"},
				"south": {"uv": [0, 4, 2.25, 6.25], "texture": "#4"},
				"west": {"uv": [7, 4, 7.375, 6.25], "texture": "#4"},
				"up": {"uv": [2.25, 8.375, 0, 8], "texture": "#4"},
				"down": {"uv": [6.25, 8, 4, 8.375], "texture": "#4"}
			}
		},
		{
			"from": [9.12117, 17.49795, 3.47077],
			"to": [11.14957, 19.72675, 3.81493],
			"rotation": {"angle": 22.5, "axis": "z", "origin": [7.96261, 17.60578, 5.96652]},
			"faces": {
				"north": {"uv": [4, 0, 6, 2.25], "texture": "#4"},
				"east": {"uv": [8, 8, 8.375, 10.25], "texture": "#4"},
				"south": {"uv": [4, 4, 6, 6.25], "texture": "#4"},
				"west": {"uv": [9, 0, 9.375, 2.25], "texture": "#4"},
				"up": {"uv": [11, 4.375, 9, 4], "texture": "#4"},
				"down": {"uv": [11, 6, 9, 6.375], "texture": "#4"}
			}
		}
	],
	"gui_light": "front",
	"display": {
		"thirdperson_righthand": {
			"translation": [0, 0.5, 0],
			"scale": [0.5, 0.5, 0.5]
		},
		"thirdperson_lefthand": {
			"translation": [0, 0.25, 0],
			"scale": [0.5, 0.5, 0.5]
		},
		"firstperson_righthand": {
			"scale": [0.5, 0.5, 0.5]
		},
		"firstperson_lefthand": {
			"scale": [0.5, 0.5, 0.5]
		},
		"ground": {
			"translation": [0, 6.75, 0],
			"scale": [0.5, 0.5, 0.5]
		},
		"gui": {
			"rotation": [0, -180, 0],
			"translation": [0.45, 0.5, 0],
			"scale": [0.5, 0.5, 0.5]
		},
		"head": {
			"translation": [-0.5, 7.75, 0],
			"scale": [4, 4, 4]
		},
		"fixed": {
			"rotation": [-90, 0, 0],
			"translation": [0, 0, -17.25]
		}
	},
	"groups": [
		{
			"name": "upper body",
			"origin": [8, 8, 8],
			"color": 0,
			"nbt": "{}",
			"armAnimationEnabled": false,
			"children": [
				{
					"name": "centre",
					"origin": [1, 16.93934, 9.35355],
					"color": 0,
					"nbt": "{}",
					"armAnimationEnabled": false,
					"children": [0, 1, 2, 3, 4, 5, 6, 7, 8, 9, 10, 11, 12, 13, 14, 15, 16, 17, 18, 19, 20]
				},
				{
					"name": "back",
					"origin": [12.26777, 12.33658, 12.93742],
					"color": 0,
					"nbt": "{}",
					"armAnimationEnabled": false,
					"children": [21, 22, 23, 24, 25, 26, 27, 28, 29, 30, 31, 32, 33, 34, 35, 36, 37, 38, 39, 40, 41, 42, 43, 44, 45, 46]
				},
				{
					"name": "front",
					"origin": [8, 15.5, 4],
					"color": 0,
					"nbt": "{}",
					"armAnimationEnabled": false,
					"children": [47, 48, 49, 50, 51, 52, 53, 54, 55, 56, 57, 58, 59, 60, 61, 62, 63, 64, 65, 66, 67]
				},
				{
					"name": "antennas",
					"origin": [15.89235, 24.61827, 8],
					"color": 0,
					"nbt": "{}",
					"armAnimationEnabled": false,
					"children": [68, 69, 70, 71, 72, 73, 74, 75]
				}
			]
		},
		{
			"name": "lower body",
			"origin": [13.12132, 6.5, 13.17157],
			"color": 0,
			"nbt": "{}",
			"armAnimationEnabled": false,
			"children": [
				{
					"name": "thruster",
					"origin": [6.21967, 4.5, 6.23744],
					"color": 0,
					"nbt": "{}",
					"armAnimationEnabled": false,
					"children": [76, 77, 78, 79, 80, 81, 82, 83]
				}
			]
		},
		{
			"name": "interior",
			"origin": [8, 8, 8],
			"color": 0,
			"nbt": "{}",
			"armAnimationEnabled": false,
			"children": [84, 85, 86, 87, 88, 89, 90, 91, 92, 93, 94, 95, 96, 97, 98, 99, 100, 101, 102]
		}
	]
}