{
	"credit": "Made with Blockbench",
	"texture_size": [128, 128],
	"textures": {
		"2": "expansion:vehicles/spaceship/spaceship_main",
		"particle": "expansion:vehicles/spaceship/spaceship_main"
	},
	"elements": [
		{
			"from": [-3, 7, 6],
			"to": [1, 10, 26],
			"rotation": {"angle": 0, "axis": "y", "origin": [1, 8, 16]},
			"faces": {
				"north": {"uv": [5.125, 11.125, 5.625, 11.5], "texture": "#2"},
				"east": {"uv": [6.625, 0, 9.125, 0.375], "texture": "#2"},
				"south": {"uv": [7.25, 11.125, 7.75, 11.5], "texture": "#2"},
				"west": {"uv": [6.625, 0.375, 9.125, 0.75], "texture": "#2"},
				"up": {"uv": [6.25, 4.125, 5.75, 1.625], "texture": "#2"},
				"down": {"uv": [6.25, 4.125, 5.75, 6.625], "texture": "#2"}
			}
		},
		{
			"from": [0, 6, -9],
			"to": [4.5, 7, -6],
			"rotation": {"angle": 0, "axis": "y", "origin": [1, 8, 16]},
			"faces": {
				"north": {"uv": [9.75, 11, 10.3125, 11.125], "texture": "#2"},
				"east": {"uv": [12.125, 4.125, 12.5, 4.25], "texture": "#2"},
				"south": {"uv": [12, 3.25, 12.5625, 3.375], "texture": "#2"},
				"west": {"uv": [12.125, 4.375, 12.5, 4.5], "texture": "#2"},
				"up": {"uv": [6.5625, 11.375, 6, 11], "texture": "#2"},
				"down": {"uv": [7.1875, 11, 6.625, 11.375], "texture": "#2"}
			}
		},
		{
			"from": [-12, 8.05, 6.25],
			"to": [-4, 8.975, 26.25],
			"rotation": {"angle": 0, "axis": "y", "origin": [-5, 8.5, 10.925]},
			"faces": {
				"north": {"uv": [11.625, 4.625, 12.625, 4.75], "texture": "#2"},
				"east": {"uv": [9.75, 4.875, 12.25, 5], "texture": "#2"},
				"south": {"uv": [11.625, 11.625, 12.625, 11.75], "texture": "#2"},
				"west": {"uv": [9.75, 8.625, 12.25, 8.75], "texture": "#2"},
				"up": {"uv": [1, 2.5, 0, 0], "texture": "#2"},
				"down": {"uv": [2, 0, 1, 2.5], "texture": "#2"}
			}
		},
		{
			"from": [-3, 10, 4],
			"to": [1, 11, 30],
			"rotation": {"angle": 0, "axis": "y", "origin": [1, 9, 16]},
			"faces": {
				"north": {"uv": [5, 8.375, 5.5, 8.5], "texture": "#2"},
				"east": {"uv": [9.25, 9.125, 12.5, 9.25], "texture": "#2"},
				"south": {"uv": [0, 10.875, 0.5, 11], "texture": "#2"},
				"west": {"uv": [9.25, 9.25, 12.5, 9.375], "texture": "#2"},
				"up": {"uv": [2, 5.75, 1.5, 2.5], "texture": "#2"},
				"down": {"uv": [3.25, 2.875, 2.75, 6.125], "texture": "#2"}
			}
		},
		{
			"from": [-4, 7, 4],
			"to": [-3, 10, 30],
			"rotation": {"angle": 0, "axis": "y", "origin": [1, 9, 16]},
			"faces": {
				"north": {"uv": [6.5, 12.125, 6.625, 12.5], "texture": "#2"},
				"east": {"uv": [2.5, 6.125, 5.75, 6.5], "texture": "#2"},
				"south": {"uv": [6.625, 12.125, 6.75, 12.5], "texture": "#2"},
				"west": {"uv": [6.25, 1.625, 9.5, 2], "texture": "#2"},
				"up": {"uv": [2.125, 11.875, 2, 8.625], "texture": "#2"},
				"down": {"uv": [4, 9, 3.875, 12.25], "texture": "#2"}
			}
		},
		{
			"from": [-3, 5.999, 4],
			"to": [1, 6.999, 30],
			"rotation": {"angle": 0, "axis": "y", "origin": [1, 8, 16]},
			"faces": {
				"north": {"uv": [6, 10.875, 6.5, 11], "texture": "#2"},
				"east": {"uv": [9.25, 9.375, 12.5, 9.5], "texture": "#2"},
				"south": {"uv": [12, 3.375, 12.5, 3.5], "texture": "#2"},
				"west": {"uv": [9.5, 1.625, 12.75, 1.75], "texture": "#2"},
				"up": {"uv": [3.75, 6.125, 3.25, 2.875], "texture": "#2"},
				"down": {"uv": [2.5, 3.5, 2, 6.75], "texture": "#2"}
			}
		},
		{
			"from": [0, 7, -11],
			"to": [5.25, 8, 17],
			"rotation": {"angle": 0, "axis": "y", "origin": [4, 6, 3]},
			"faces": {
				"north": {"uv": [8.625, 11.875, 9.28125, 12], "texture": "#2"},
				"east": {"uv": [9.25, 8.875, 12.75, 9], "texture": "#2"},
				"south": {"uv": [9.375, 11.875, 10.03125, 12], "texture": "#2"},
				"west": {"uv": [9.25, 9, 12.75, 9.125], "texture": "#2"},
				"up": {"uv": [2.65625, 3.5, 2, 0], "texture": "#2"},
				"down": {"uv": [0.65625, 2.5, 0, 6], "texture": "#2"}
			}
		},
		{
			"from": [0, 5, -11],
			"to": [5.25, 6, 12],
			"rotation": {"angle": 0, "axis": "y", "origin": [4, 5, 3]},
			"faces": {
				"north": {"uv": [11.875, 8.375, 12.53125, 8.5], "texture": "#2"},
				"east": {"uv": [9.5, 2.125, 12.375, 2.25], "texture": "#2"},
				"south": {"uv": [11.875, 8.5, 12.53125, 8.625], "texture": "#2"},
				"west": {"uv": [9.5, 2.25, 12.375, 2.375], "texture": "#2"},
				"up": {"uv": [1.40625, 5.375, 0.75, 2.5], "texture": "#2"},
				"down": {"uv": [3.40625, 0, 2.75, 2.875], "texture": "#2"}
			}
		},
		{
			"from": [-3.43919, 9.3537, 4],
			"to": [-2.43919, 10.7677, 30],
			"rotation": {"angle": -45, "axis": "z", "origin": [-2.93919, 10.3537, 20]},
			"faces": {
				"north": {"uv": [12.25, 1.375, 12.375, 1.5625], "texture": "#2"},
				"east": {"uv": [8.125, 1, 11.375, 1.1875], "texture": "#2"},
				"south": {"uv": [3.875, 12.25, 4, 12.4375], "texture": "#2"},
				"west": {"uv": [8.625, 2.75, 11.875, 2.9375], "texture": "#2"},
				"up": {"uv": [4.125, 12.25, 4, 9], "texture": "#2"},
				"down": {"uv": [4.25, 9, 4.125, 12.25], "texture": "#2"}
			}
		},
		{
			"from": [-4.8285, 7.58597, 4],
			"to": [-3.8285, 8.99997, 30],
			"rotation": {"angle": 45, "axis": "z", "origin": [-2.00008, 9.00008, 20]},
			"faces": {
				"north": {"uv": [4, 12.25, 4.125, 12.4375], "texture": "#2"},
				"east": {"uv": [8.625, 3, 11.875, 3.1875], "texture": "#2"},
				"south": {"uv": [4.125, 12.25, 4.25, 12.4375], "texture": "#2"},
				"west": {"uv": [8.625, 3.25, 11.875, 3.4375], "texture": "#2"},
				"up": {"uv": [4.375, 12.25, 4.25, 9], "texture": "#2"},
				"down": {"uv": [2.875, 9.25, 2.75, 12.5], "texture": "#2"}
			}
		},
		{
			"from": [0.43919, 9.3537, 4],
			"to": [1.43919, 10.7677, 30],
			"rotation": {"angle": 45, "axis": "z", "origin": [0.93919, 10.3537, 20]},
			"faces": {
				"north": {"uv": [7.375, 12.25, 7.5, 12.4375], "texture": "#2"},
				"east": {"uv": [8.625, 5, 11.875, 5.1875], "texture": "#2"},
				"south": {"uv": [12.25, 10.375, 12.375, 10.5625], "texture": "#2"},
				"west": {"uv": [8.625, 5.25, 11.875, 5.4375], "texture": "#2"},
				"up": {"uv": [3, 12.5, 2.875, 9.25], "texture": "#2"},
				"down": {"uv": [3.125, 9.25, 3, 12.5], "texture": "#2"}
			}
		},
		{
			"from": [1.8285, 7.58597, 5],
			"to": [2.8285, 8.99997, 30],
			"rotation": {"angle": -45, "axis": "z", "origin": [0.00008, 9.00008, 20]},
			"faces": {
				"north": {"uv": [7.125, 12.25, 7.25, 12.4375], "texture": "#2"},
				"east": {"uv": [8.625, 6.25, 11.75, 6.4375], "texture": "#2"},
				"south": {"uv": [7.25, 12.25, 7.375, 12.4375], "texture": "#2"},
				"west": {"uv": [8.625, 6.5, 11.75, 6.6875], "texture": "#2"},
				"up": {"uv": [3.5, 12.375, 3.375, 9.25], "texture": "#2"},
				"down": {"uv": [5.125, 9.25, 5, 12.375], "texture": "#2"}
			}
		},
		{
			"from": [1, 7, 4],
			"to": [2, 10, 30],
			"rotation": {"angle": 0, "axis": "y", "origin": [15, 9, 16]},
			"faces": {
				"north": {"uv": [9.75, 12.125, 9.875, 12.5], "texture": "#2"},
				"east": {"uv": [6.25, 2, 9.5, 2.375], "texture": "#2"},
				"south": {"uv": [12.125, 9.75, 12.25, 10.125], "texture": "#2"},
				"west": {"uv": [6.25, 2.375, 9.5, 2.75], "texture": "#2"},
				"up": {"uv": [3.25, 12.5, 3.125, 9.25], "texture": "#2"},
				"down": {"uv": [3.375, 9.25, 3.25, 12.5], "texture": "#2"}
			}
		},
		{
			"from": [-0.43919, 6.3537, -11],
			"to": [0.56081, 7.7677, 17],
			"rotation": {"angle": -45, "axis": "z", "origin": [0.06081, 7.3537, 7]},
			"faces": {
				"north": {"uv": [12.125, 12.25, 12.25, 12.4375], "texture": "#2"},
				"east": {"uv": [6.625, 1.375, 10.125, 1.5625], "texture": "#2"},
				"south": {"uv": [12.25, 12.25, 12.375, 12.4375], "texture": "#2"},
				"west": {"uv": [8.125, 0.75, 11.625, 0.9375], "texture": "#2"},
				"up": {"uv": [5.875, 12, 5.75, 8.5], "texture": "#2"},
				"down": {"uv": [6, 8.5, 5.875, 12], "texture": "#2"}
			}
		},
		{
			"from": [-0.99985, 6.00015, -11],
			"to": [0.00015, 7.00015, 17],
			"rotation": {"angle": 0, "axis": "y", "origin": [4.00015, 7.00015, 3]},
			"faces": {
				"north": {"uv": [8, 12.375, 8.125, 12.5], "texture": "#2"},
				"east": {"uv": [8.125, 1.25, 11.625, 1.375], "texture": "#2"},
				"south": {"uv": [8.125, 12.375, 8.25, 12.5], "texture": "#2"},
				"west": {"uv": [9.25, 8.75, 12.75, 8.875], "texture": "#2"},
				"up": {"uv": [8.25, 11.875, 8.125, 8.375], "texture": "#2"},
				"down": {"uv": [3.875, 8.5, 3.75, 12], "texture": "#2"}
			}
		},
		{
			"from": [-1.82835, 6.58581, -11],
			"to": [-0.82835, 7.99981, 4],
			"rotation": {"angle": 45, "axis": "z", "origin": [1.00007, 7.99992, 7]},
			"faces": {
				"north": {"uv": [10.5, 12.25, 10.625, 12.4375], "texture": "#2"},
				"east": {"uv": [9.75, 4.25, 11.625, 4.4375], "texture": "#2"},
				"south": {"uv": [12.25, 11.125, 12.375, 11.3125], "texture": "#2"},
				"west": {"uv": [9.75, 4.5, 11.625, 4.6875], "texture": "#2"},
				"up": {"uv": [4.5, 12.625, 4.375, 10.75], "texture": "#2"},
				"down": {"uv": [4.625, 10.75, 4.5, 12.625], "texture": "#2"}
			}
		},
		{
			"from": [10.75, 5, -11],
			"to": [16, 6, 12],
			"rotation": {"angle": 0, "axis": "y", "origin": [12, 5, 3]},
			"faces": {
				"north": {"uv": [12.53125, 8.375, 11.875, 8.5], "texture": "#2"},
				"east": {"uv": [12.375, 2.25, 9.5, 2.375], "texture": "#2"},
				"south": {"uv": [12.53125, 8.5, 11.875, 8.625], "texture": "#2"},
				"west": {"uv": [12.375, 2.125, 9.5, 2.25], "texture": "#2"},
				"up": {"uv": [0.75, 5.375, 1.40625, 2.5], "texture": "#2"},
				"down": {"uv": [2.75, 0, 3.40625, 2.875], "texture": "#2"}
			}
		},
		{
			"from": [16.82835, 6.58581, -11],
			"to": [17.82835, 7.99981, 4],
			"rotation": {"angle": -45, "axis": "z", "origin": [14.99993, 7.99992, 7]},
			"faces": {
				"north": {"uv": [10.625, 12.25, 10.5, 12.4375], "texture": "#2"},
				"east": {"uv": [11.625, 4.5, 9.75, 4.6875], "texture": "#2"},
				"south": {"uv": [12.375, 11.125, 12.25, 11.3125], "texture": "#2"},
				"west": {"uv": [11.625, 4.25, 9.75, 4.4375], "texture": "#2"},
				"up": {"uv": [4.375, 12.625, 4.5, 10.75], "texture": "#2"},
				"down": {"uv": [4.5, 10.75, 4.625, 12.625], "texture": "#2"}
			}
		},
		{
			"from": [15.99985, 6.00015, -11],
			"to": [16.99985, 7.00015, 17],
			"rotation": {"angle": 0, "axis": "y", "origin": [11.99985, 7.00015, 3]},
			"faces": {
				"north": {"uv": [8.125, 12.375, 8, 12.5], "texture": "#2"},
				"east": {"uv": [12.75, 8.75, 9.25, 8.875], "texture": "#2"},
				"south": {"uv": [8.25, 12.375, 8.125, 12.5], "texture": "#2"},
				"west": {"uv": [11.625, 1.25, 8.125, 1.375], "texture": "#2"},
				"up": {"uv": [8.125, 11.875, 8.25, 8.375], "texture": "#2"},
				"down": {"uv": [3.75, 8.5, 3.875, 12], "texture": "#2"}
			}
		},
		{
			"from": [15.43919, 6.3537, -11],
			"to": [16.43919, 7.7677, 17],
			"rotation": {"angle": 45, "axis": "z", "origin": [15.93919, 7.3537, 7]},
			"faces": {
				"north": {"uv": [12.25, 12.25, 12.125, 12.4375], "texture": "#2"},
				"east": {"uv": [11.625, 0.75, 8.125, 0.9375], "texture": "#2"},
				"south": {"uv": [12.375, 12.25, 12.25, 12.4375], "texture": "#2"},
				"west": {"uv": [10.125, 1.375, 6.625, 1.5625], "texture": "#2"},
				"up": {"uv": [5.75, 12, 5.875, 8.5], "texture": "#2"},
				"down": {"uv": [5.875, 8.5, 6, 12], "texture": "#2"}
			}
		},
		{
			"from": [10.75, 7, -11],
			"to": [16, 8, 17],
			"rotation": {"angle": 0, "axis": "y", "origin": [12, 6, 3]},
			"faces": {
				"north": {"uv": [9.28125, 11.875, 8.625, 12], "texture": "#2"},
				"east": {"uv": [12.75, 9, 9.25, 9.125], "texture": "#2"},
				"south": {"uv": [10.03125, 11.875, 9.375, 12], "texture": "#2"},
				"west": {"uv": [12.75, 8.875, 9.25, 9], "texture": "#2"},
				"up": {"uv": [2, 3.5, 2.65625, 0], "texture": "#2"},
				"down": {"uv": [0, 2.5, 0.65625, 6], "texture": "#2"}
			}
		},
		{
			"from": [15, 5.999, 4],
			"to": [19, 6.999, 30],
			"rotation": {"angle": 0, "axis": "y", "origin": [15, 8, 16]},
			"faces": {
				"north": {"uv": [6.5, 10.875, 6, 11], "texture": "#2"},
				"east": {"uv": [12.75, 1.625, 9.5, 1.75], "texture": "#2"},
				"south": {"uv": [12.5, 3.375, 12, 3.5], "texture": "#2"},
				"west": {"uv": [12.5, 9.375, 9.25, 9.5], "texture": "#2"},
				"up": {"uv": [3.25, 6.125, 3.75, 2.875], "texture": "#2"},
				"down": {"uv": [2, 3.5, 2.5, 6.75], "texture": "#2"}
			}
		},
		{
			"from": [19.8285, 7.58597, 4],
			"to": [20.8285, 8.99997, 30],
			"rotation": {"angle": -45, "axis": "z", "origin": [18.00008, 9.00008, 20]},
			"faces": {
				"north": {"uv": [4.125, 12.25, 4, 12.4375], "texture": "#2"},
				"east": {"uv": [11.875, 3.25, 8.625, 3.4375], "texture": "#2"},
				"south": {"uv": [4.25, 12.25, 4.125, 12.4375], "texture": "#2"},
				"west": {"uv": [11.875, 3, 8.625, 3.1875], "texture": "#2"},
				"up": {"uv": [4.25, 12.25, 4.375, 9], "texture": "#2"},
				"down": {"uv": [2.75, 9.25, 2.875, 12.5], "texture": "#2"}
			}
		},
		{
			"from": [19, 7, 4],
			"to": [20, 10, 30],
			"rotation": {"angle": 0, "axis": "y", "origin": [15, 9, 16]},
			"faces": {
				"north": {"uv": [6.625, 12.125, 6.5, 12.5], "texture": "#2"},
				"east": {"uv": [9.5, 1.625, 6.25, 2], "texture": "#2"},
				"south": {"uv": [6.75, 12.125, 6.625, 12.5], "texture": "#2"},
				"west": {"uv": [5.75, 6.125, 2.5, 6.5], "texture": "#2"},
				"up": {"uv": [2, 11.875, 2.125, 8.625], "texture": "#2"},
				"down": {"uv": [3.875, 9, 4, 12.25], "texture": "#2"}
			}
		},
		{
			"from": [20, 8.05, 6.25],
			"to": [28, 8.975, 26.25],
			"rotation": {"angle": 0, "axis": "y", "origin": [21, 8.5, 10.925]},
			"faces": {
				"north": {"uv": [12.625, 4.625, 11.625, 4.75], "texture": "#2"},
				"east": {"uv": [12.25, 8.625, 9.75, 8.75], "texture": "#2"},
				"south": {"uv": [12.625, 11.625, 11.625, 11.75], "texture": "#2"},
				"west": {"uv": [12.25, 4.875, 9.75, 5], "texture": "#2"},
				"up": {"uv": [0, 2.5, 1, 0], "texture": "#2"},
				"down": {"uv": [1, 0, 2, 2.5], "texture": "#2"}
			}
		},
		{
			"from": [13.1715, 7.58597, 5],
			"to": [14.1715, 8.99997, 30],
			"rotation": {"angle": 45, "axis": "z", "origin": [15.99992, 9.00008, 20]},
			"faces": {
				"north": {"uv": [7.25, 12.25, 7.125, 12.4375], "texture": "#2"},
				"east": {"uv": [11.75, 6.5, 8.625, 6.6875], "texture": "#2"},
				"south": {"uv": [7.375, 12.25, 7.25, 12.4375], "texture": "#2"},
				"west": {"uv": [11.75, 6.25, 8.625, 6.4375], "texture": "#2"},
				"up": {"uv": [3.375, 12.375, 3.5, 9.25], "texture": "#2"},
				"down": {"uv": [5, 9.25, 5.125, 12.375], "texture": "#2"}
			}
		},
		{
			"from": [14, 7, 4],
			"to": [15, 10, 30],
			"rotation": {"angle": 0, "axis": "y", "origin": [1, 9, 16]},
			"faces": {
				"north": {"uv": [9.875, 12.125, 9.75, 12.5], "texture": "#2"},
				"east": {"uv": [9.5, 2.375, 6.25, 2.75], "texture": "#2"},
				"south": {"uv": [12.25, 9.75, 12.125, 10.125], "texture": "#2"},
				"west": {"uv": [9.5, 2, 6.25, 2.375], "texture": "#2"},
				"up": {"uv": [3.125, 12.5, 3.25, 9.25], "texture": "#2"},
				"down": {"uv": [3.25, 9.25, 3.375, 12.5], "texture": "#2"}
			}
		},
		{
			"from": [14.56081, 9.3537, 4],
			"to": [15.56081, 10.7677, 30],
			"rotation": {"angle": -45, "axis": "z", "origin": [15.06081, 10.3537, 20]},
			"faces": {
				"north": {"uv": [7.5, 12.25, 7.375, 12.4375], "texture": "#2"},
				"east": {"uv": [11.875, 5.25, 8.625, 5.4375], "texture": "#2"},
				"south": {"uv": [12.375, 10.375, 12.25, 10.5625], "texture": "#2"},
				"west": {"uv": [11.875, 5, 8.625, 5.1875], "texture": "#2"},
				"up": {"uv": [2.875, 12.5, 3, 9.25], "texture": "#2"},
				"down": {"uv": [3, 9.25, 3.125, 12.5], "texture": "#2"}
			}
		},
		{
			"from": [15, 10, 4],
			"to": [19, 11, 30],
			"rotation": {"angle": 0, "axis": "y", "origin": [15, 9, 16]},
			"faces": {
				"north": {"uv": [5.5, 8.375, 5, 8.5], "texture": "#2"},
				"east": {"uv": [12.5, 9.25, 9.25, 9.375], "texture": "#2"},
				"south": {"uv": [0.5, 10.875, 0, 11], "texture": "#2"},
				"west": {"uv": [12.5, 9.125, 9.25, 9.25], "texture": "#2"},
				"up": {"uv": [1.5, 5.75, 2, 2.5], "texture": "#2"},
				"down": {"uv": [2.75, 2.875, 3.25, 6.125], "texture": "#2"}
			}
		},
		{
			"from": [18.43919, 9.3537, 4],
			"to": [19.43919, 10.7677, 30],
			"rotation": {"angle": 45, "axis": "z", "origin": [18.93919, 10.3537, 20]},
			"faces": {
				"north": {"uv": [12.375, 1.375, 12.25, 1.5625], "texture": "#2"},
				"east": {"uv": [11.875, 2.75, 8.625, 2.9375], "texture": "#2"},
				"south": {"uv": [4, 12.25, 3.875, 12.4375], "texture": "#2"},
				"west": {"uv": [11.375, 1, 8.125, 1.1875], "texture": "#2"},
				"up": {"uv": [4, 12.25, 4.125, 9], "texture": "#2"},
				"down": {"uv": [4.125, 9, 4.25, 12.25], "texture": "#2"}
			}
		},
		{
			"from": [15, 7, 6],
			"to": [19, 10, 26],
			"rotation": {"angle": 0, "axis": "y", "origin": [15, 8, 16]},
			"faces": {
				"north": {"uv": [5.625, 11.125, 5.125, 11.5], "texture": "#2"},
				"east": {"uv": [9.125, 0.375, 6.625, 0.75], "texture": "#2"},
				"south": {"uv": [7.75, 11.125, 7.25, 11.5], "texture": "#2"},
				"west": {"uv": [9.125, 0, 6.625, 0.375], "texture": "#2"},
				"up": {"uv": [5.75, 4.125, 6.25, 1.625], "texture": "#2"},
				"down": {"uv": [5.75, 4.125, 6.25, 6.625], "texture": "#2"}
			}
		},
		{
			"from": [11.5, 6, -9],
			"to": [16, 7, -6],
			"rotation": {"angle": 0, "axis": "y", "origin": [15, 8, 16]},
			"faces": {
				"north": {"uv": [10.3125, 11, 9.75, 11.125], "texture": "#2"},
				"east": {"uv": [12.5, 4.375, 12.125, 4.5], "texture": "#2"},
				"south": {"uv": [12.5625, 3.25, 12, 3.375], "texture": "#2"},
				"west": {"uv": [12.5, 4.125, 12.125, 4.25], "texture": "#2"},
				"up": {"uv": [6, 11.375, 6.5625, 11], "texture": "#2"},
				"down": {"uv": [6.625, 11, 7.1875, 11.375], "texture": "#2"}
			}
		},
		{
			"from": [-13, 8.01396, 6.03896],
			"to": [-12, 9.01396, 27.03896],
			"rotation": {"angle": 0, "axis": "y", "origin": [-5, 8.51396, 8.28896]},
			"faces": {
				"north": {"uv": [12.375, 7.75, 12.5, 7.875], "texture": "#2"},
				"east": {"uv": [9.5, 2.625, 12.125, 2.75], "texture": "#2"},
				"south": {"uv": [12.375, 7.875, 12.5, 8], "texture": "#2"},
				"west": {"uv": [9.75, 4.75, 12.375, 4.875], "texture": "#2"},
				"up": {"uv": [5.75, 11.875, 5.625, 9.25], "texture": "#2"},
				"down": {"uv": [5, 9.375, 4.875, 12], "texture": "#2"}
			}
		},
		{
			"from": [-7.24175, 8.025, 11.02335],
			"to": [-6.24175, 9, 23.52335],
			"rotation": {"angle": -45, "axis": "y", "origin": [1.25825, 8.5, 12.27335]},
			"faces": {
				"north": {"uv": [12.375, 7.5, 12.5, 7.625], "texture": "#2"},
				"east": {"uv": [10.75, 4, 12.3125, 4.125], "texture": "#2"},
				"south": {"uv": [12.375, 7.625, 12.5, 7.75], "texture": "#2"},
				"west": {"uv": [9, 11.125, 10.5625, 11.25], "texture": "#2"},
				"up": {"uv": [2.5, 12.4375, 2.375, 10.875], "texture": "#2"},
				"down": {"uv": [2.625, 10.875, 2.5, 12.4375], "texture": "#2"}
			}
		},
		{
			"from": [22.24175, 8.025, 11.02335],
			"to": [23.24175, 9, 23.52335],
			"rotation": {"angle": 45, "axis": "y", "origin": [14.74175, 8.5, 12.27335]},
			"faces": {
				"north": {"uv": [12.5, 7.5, 12.375, 7.625], "texture": "#2"},
				"east": {"uv": [10.5625, 11.125, 9, 11.25], "texture": "#2"},
				"south": {"uv": [12.5, 7.625, 12.375, 7.75], "texture": "#2"},
				"west": {"uv": [12.3125, 4, 10.75, 4.125], "texture": "#2"},
				"up": {"uv": [2.375, 12.4375, 2.5, 10.875], "texture": "#2"},
				"down": {"uv": [2.5, 10.875, 2.625, 12.4375], "texture": "#2"}
			}
		},
		{
			"from": [28, 8.01396, 6.03896],
			"to": [29, 9.01396, 27.03896],
			"rotation": {"angle": 0, "axis": "y", "origin": [21, 8.51396, 8.28896]},
			"faces": {
				"north": {"uv": [12.5, 7.75, 12.375, 7.875], "texture": "#2"},
				"east": {"uv": [12.375, 4.75, 9.75, 4.875], "texture": "#2"},
				"south": {"uv": [12.5, 7.875, 12.375, 8], "texture": "#2"},
				"west": {"uv": [12.125, 2.625, 9.5, 2.75], "texture": "#2"},
				"up": {"uv": [5.625, 11.875, 5.75, 9.25], "texture": "#2"},
				"down": {"uv": [4.875, 9.375, 5, 12], "texture": "#2"}
			}
		},
		{
			"from": [1, 17, 17],
			"to": [5, 18, 32],
			"rotation": {"angle": 0, "axis": "y", "origin": [5, 16, 18]},
			"faces": {
				"north": {"uv": [12, 5, 12.5, 5.125], "texture": "#2"},
				"east": {"uv": [10.25, 4.125, 12.125, 4.25], "texture": "#2"},
				"south": {"uv": [12, 5.125, 12.5, 5.25], "texture": "#2"},
				"west": {"uv": [10.5, 10.125, 12.375, 10.25], "texture": "#2"},
				"up": {"uv": [5, 8.375, 4.5, 6.5], "texture": "#2"},
				"down": {"uv": [5.5, 6.5, 5, 8.375], "texture": "#2"}
			}
		},
		{
			"from": [0.56081, 16.3537, 17],
			"to": [1.56081, 17.7677, 32],
			"rotation": {"angle": -45, "axis": "z", "origin": [1.06081, 17.3537, 22]},
			"faces": {
				"north": {"uv": [4.25, 12.25, 4.375, 12.4375], "texture": "#2"},
				"east": {"uv": [3.75, 5.875, 5.625, 6.0625], "texture": "#2"},
				"south": {"uv": [12.25, 5.25, 12.375, 5.4375], "texture": "#2"},
				"west": {"uv": [9.5, 2.375, 11.375, 2.5625], "texture": "#2"},
				"up": {"uv": [2.75, 11.375, 2.625, 9.5], "texture": "#2"},
				"down": {"uv": [8, 9.625, 7.875, 11.5], "texture": "#2"}
			}
		},
		{
			"from": [0, 14, 17],
			"to": [1, 17, 32],
			"rotation": {"angle": 0, "axis": "y", "origin": [5, 14, 18]},
			"faces": {
				"north": {"uv": [6.75, 12.125, 6.875, 12.5], "texture": "#2"},
				"east": {"uv": [7.875, 4.25, 9.75, 4.625], "texture": "#2"},
				"south": {"uv": [6.875, 12.125, 7, 12.5], "texture": "#2"},
				"west": {"uv": [7.875, 4.625, 9.75, 5], "texture": "#2"},
				"up": {"uv": [8.125, 11.5, 8, 9.625], "texture": "#2"},
				"down": {"uv": [3.625, 10.5, 3.5, 12.375], "texture": "#2"}
			}
		},
		{
			"from": [1, 14, 18.75],
			"to": [5, 17, 29],
			"rotation": {"angle": 0, "axis": "y", "origin": [6, 14, 18]},
			"faces": {
				"north": {"uv": [10.625, 11.125, 11.125, 11.5], "texture": "#2"},
				"east": {"uv": [9.125, 0, 10.40625, 0.375], "texture": "#2"},
				"south": {"uv": [11.125, 11.125, 11.625, 11.5], "texture": "#2"},
				"west": {"uv": [9.125, 0.375, 10.40625, 0.75], "texture": "#2"},
				"up": {"uv": [8.75, 8.03125, 8.25, 6.75], "texture": "#2"},
				"down": {"uv": [8.75, 8.125, 8.25, 9.40625], "texture": "#2"}
			}
		},
		{
			"from": [-0.8285, 14.58597, 17],
			"to": [0.1715, 15.99997, 32],
			"rotation": {"angle": 45, "axis": "z", "origin": [1.99992, 16.00008, 22]},
			"faces": {
				"north": {"uv": [5.5, 12.25, 5.625, 12.4375], "texture": "#2"},
				"east": {"uv": [9.5, 6.75, 11.375, 6.9375], "texture": "#2"},
				"south": {"uv": [12.25, 5.5, 12.375, 5.6875], "texture": "#2"},
				"west": {"uv": [9.5, 7, 11.375, 7.1875], "texture": "#2"},
				"up": {"uv": [3.75, 12.375, 3.625, 10.5], "texture": "#2"},
				"down": {"uv": [1.625, 10.625, 1.5, 12.5], "texture": "#2"}
			}
		},
		{
			"from": [0.61106, 14.81817, 19],
			"to": [1.61106, 16.23217, 32],
			"rotation": {"angle": -45, "axis": "z", "origin": [1.11106, 9.81817, 22]},
			"faces": {
				"north": {"uv": [5.625, 12.25, 5.75, 12.4375], "texture": "#2"},
				"east": {"uv": [10.125, 1.375, 11.75, 1.5625], "texture": "#2"},
				"south": {"uv": [5.75, 12.25, 5.875, 12.4375], "texture": "#2"},
				"west": {"uv": [8.75, 10.375, 10.375, 10.5625], "texture": "#2"},
				"up": {"uv": [4.75, 12.375, 4.625, 10.75], "texture": "#2"},
				"down": {"uv": [4.875, 10.75, 4.75, 12.375], "texture": "#2"}
			}
		},
		{
			"from": [5, 14, 19],
			"to": [6, 17, 32],
			"rotation": {"angle": 0, "axis": "y", "origin": [5, 14, 18]},
			"faces": {
				"north": {"uv": [12.125, 8, 12.25, 8.375], "texture": "#2"},
				"east": {"uv": [8.625, 3.5, 10.25, 3.875], "texture": "#2"},
				"south": {"uv": [8.875, 12.125, 9, 12.5], "texture": "#2"},
				"west": {"uv": [8.625, 3.875, 10.25, 4.25], "texture": "#2"},
				"up": {"uv": [2.25, 12.5, 2.125, 10.875], "texture": "#2"},
				"down": {"uv": [2.375, 10.875, 2.25, 12.5], "texture": "#2"}
			}
		},
		{
			"from": [5.8285, 15.00003, 17],
			"to": [6.8285, 16.41403, 32],
			"rotation": {"angle": 45, "axis": "z", "origin": [4.00008, 14.99992, 22]},
			"faces": {
				"north": {"uv": [5.875, 12.25, 6, 12.4375], "texture": "#2"},
				"east": {"uv": [9.5, 7.25, 11.375, 7.4375], "texture": "#2"},
				"south": {"uv": [7, 12.25, 7.125, 12.4375], "texture": "#2"},
				"west": {"uv": [9.25, 9.5, 11.125, 9.6875], "texture": "#2"},
				"up": {"uv": [1.75, 12.5, 1.625, 10.625], "texture": "#2"},
				"down": {"uv": [7.875, 10.625, 7.75, 12.5], "texture": "#2"}
			}
		},
		{
			"from": [1, 13, 17],
			"to": [5, 14, 32],
			"rotation": {"angle": 0, "axis": "y", "origin": [11, 15, 18]},
			"faces": {
				"north": {"uv": [12.125, 0.875, 12.625, 1], "texture": "#2"},
				"east": {"uv": [10.5, 10.25, 12.375, 10.375], "texture": "#2"},
				"south": {"uv": [12.125, 1, 12.625, 1.125], "texture": "#2"},
				"west": {"uv": [10.75, 3.875, 12.625, 4], "texture": "#2"},
				"up": {"uv": [7.25, 8.75, 6.75, 6.875], "texture": "#2"},
				"down": {"uv": [7.75, 6.875, 7.25, 8.75], "texture": "#2"}
			}
		},
		{
			"from": [11, 13, 17],
			"to": [15, 14, 32],
			"rotation": {"angle": 0, "axis": "y", "origin": [5, 15, 18]},
			"faces": {
				"north": {"uv": [12.625, 0.875, 12.125, 1], "texture": "#2"},
				"east": {"uv": [12.625, 3.875, 10.75, 4], "texture": "#2"},
				"south": {"uv": [12.625, 1, 12.125, 1.125], "texture": "#2"},
				"west": {"uv": [12.375, 10.25, 10.5, 10.375], "texture": "#2"},
				"up": {"uv": [6.75, 8.75, 7.25, 6.875], "texture": "#2"},
				"down": {"uv": [7.25, 6.875, 7.75, 8.75], "texture": "#2"}
			}
		},
		{
			"from": [14.38894, 14.81817, 19],
			"to": [15.38894, 16.23217, 32],
			"rotation": {"angle": 45, "axis": "z", "origin": [14.88894, 9.81817, 22]},
			"faces": {
				"north": {"uv": [5.75, 12.25, 5.625, 12.4375], "texture": "#2"},
				"east": {"uv": [10.375, 10.375, 8.75, 10.5625], "texture": "#2"},
				"south": {"uv": [5.875, 12.25, 5.75, 12.4375], "texture": "#2"},
				"west": {"uv": [11.75, 1.375, 10.125, 1.5625], "texture": "#2"},
				"up": {"uv": [4.625, 12.375, 4.75, 10.75], "texture": "#2"},
				"down": {"uv": [4.75, 10.75, 4.875, 12.375], "texture": "#2"}
			}
		},
		{
			"from": [10, 14, 19],
			"to": [11, 17, 32],
			"rotation": {"angle": 0, "axis": "y", "origin": [11, 14, 18]},
			"faces": {
				"north": {"uv": [12.25, 8, 12.125, 8.375], "texture": "#2"},
				"east": {"uv": [10.25, 3.875, 8.625, 4.25], "texture": "#2"},
				"south": {"uv": [9, 12.125, 8.875, 12.5], "texture": "#2"},
				"west": {"uv": [10.25, 3.5, 8.625, 3.875], "texture": "#2"},
				"up": {"uv": [2.125, 12.5, 2.25, 10.875], "texture": "#2"},
				"down": {"uv": [2.25, 10.875, 2.375, 12.5], "texture": "#2"}
			}
		},
		{
			"from": [11, 17, 17],
			"to": [15, 18, 32],
			"rotation": {"angle": 0, "axis": "y", "origin": [11, 16, 18]},
			"faces": {
				"north": {"uv": [12.5, 5, 12, 5.125], "texture": "#2"},
				"east": {"uv": [12.375, 10.125, 10.5, 10.25], "texture": "#2"},
				"south": {"uv": [12.5, 5.125, 12, 5.25], "texture": "#2"},
				"west": {"uv": [12.125, 4.125, 10.25, 4.25], "texture": "#2"},
				"up": {"uv": [4.5, 8.375, 5, 6.5], "texture": "#2"},
				"down": {"uv": [5, 6.5, 5.5, 8.375], "texture": "#2"}
			}
		},
		{
			"from": [9.1715, 15.00003, 17],
			"to": [10.1715, 16.41403, 32],
			"rotation": {"angle": -45, "axis": "z", "origin": [11.99992, 14.99992, 22]},
			"faces": {
				"north": {"uv": [6, 12.25, 5.875, 12.4375], "texture": "#2"},
				"east": {"uv": [11.125, 9.5, 9.25, 9.6875], "texture": "#2"},
				"south": {"uv": [7.125, 12.25, 7, 12.4375], "texture": "#2"},
				"west": {"uv": [11.375, 7.25, 9.5, 7.4375], "texture": "#2"},
				"up": {"uv": [1.625, 12.5, 1.75, 10.625], "texture": "#2"},
				"down": {"uv": [7.75, 10.625, 7.875, 12.5], "texture": "#2"}
			}
		},
		{
			"from": [11, 14, 18.75],
			"to": [15, 17, 29],
			"rotation": {"angle": 0, "axis": "y", "origin": [10, 14, 18]},
			"faces": {
				"north": {"uv": [11.125, 11.125, 10.625, 11.5], "texture": "#2"},
				"east": {"uv": [10.40625, 0.375, 9.125, 0.75], "texture": "#2"},
				"south": {"uv": [11.625, 11.125, 11.125, 11.5], "texture": "#2"},
				"west": {"uv": [10.40625, 0, 9.125, 0.375], "texture": "#2"},
				"up": {"uv": [8.25, 8.03125, 8.75, 6.75], "texture": "#2"},
				"down": {"uv": [8.25, 8.125, 8.75, 9.40625], "texture": "#2"}
			}
		},
		{
			"from": [15, 14, 17],
			"to": [16, 17, 32],
			"rotation": {"angle": 0, "axis": "y", "origin": [11, 14, 18]},
			"faces": {
				"north": {"uv": [6.875, 12.125, 6.75, 12.5], "texture": "#2"},
				"east": {"uv": [9.75, 4.625, 7.875, 5], "texture": "#2"},
				"south": {"uv": [7, 12.125, 6.875, 12.5], "texture": "#2"},
				"west": {"uv": [9.75, 4.25, 7.875, 4.625], "texture": "#2"},
				"up": {"uv": [8, 11.5, 8.125, 9.625], "texture": "#2"},
				"down": {"uv": [3.5, 10.5, 3.625, 12.375], "texture": "#2"}
			}
		},
		{
			"from": [15.8285, 14.58597, 17],
			"to": [16.8285, 15.99997, 32],
			"rotation": {"angle": -45, "axis": "z", "origin": [14.00008, 16.00008, 22]},
			"faces": {
				"north": {"uv": [5.625, 12.25, 5.5, 12.4375], "texture": "#2"},
				"east": {"uv": [11.375, 7, 9.5, 7.1875], "texture": "#2"},
				"south": {"uv": [12.375, 5.5, 12.25, 5.6875], "texture": "#2"},
				"west": {"uv": [11.375, 6.75, 9.5, 6.9375], "texture": "#2"},
				"up": {"uv": [3.625, 12.375, 3.75, 10.5], "texture": "#2"},
				"down": {"uv": [1.5, 10.625, 1.625, 12.5], "texture": "#2"}
			}
		},
		{
			"from": [14.43919, 16.3537, 17],
			"to": [15.43919, 17.7677, 32],
			"rotation": {"angle": 45, "axis": "z", "origin": [14.93919, 17.3537, 22]},
			"faces": {
				"north": {"uv": [4.375, 12.25, 4.25, 12.4375], "texture": "#2"},
				"east": {"uv": [11.375, 2.375, 9.5, 2.5625], "texture": "#2"},
				"south": {"uv": [12.375, 5.25, 12.25, 5.4375], "texture": "#2"},
				"west": {"uv": [5.625, 5.875, 3.75, 6.0625], "texture": "#2"},
				"up": {"uv": [2.625, 11.375, 2.75, 9.5], "texture": "#2"},
				"down": {"uv": [7.875, 9.625, 8, 11.5], "texture": "#2"}
			}
		},
		{
			"from": [5, 8.54289, 1.75],
			"to": [6, 9.54289, 9.75],
			"rotation": {"angle": 0, "axis": "y", "origin": [6, 9.04289, 3.25]},
			"faces": {
				"north": {"uv": [12.25, 10, 12.375, 10.125], "texture": "#2"},
				"east": {"uv": [11.25, 10.625, 12.25, 10.75], "texture": "#2"},
				"south": {"uv": [12.25, 10.625, 12.375, 10.75], "texture": "#2"},
				"west": {"uv": [11.375, 0.625, 12.375, 0.75], "texture": "#2"},
				"up": {"uv": [2, 6.75, 1.875, 5.75], "texture": "#2"},
				"down": {"uv": [1.625, 7.375, 1.5, 8.375], "texture": "#2"}
			}
		},
		{
			"from": [5, 8.75, 0.75],
			"to": [7, 11.75, 2.75],
			"rotation": {"angle": -45, "axis": "x", "origin": [6, 9.25, 2.25]},
			"faces": {
				"north": {"uv": [3.5, 2.5, 3.75, 2.875], "texture": "#2"},
				"east": {"uv": [5.5, 1, 5.75, 1.375], "texture": "#2"},
				"south": {"uv": [1.5, 9.625, 1.75, 10], "texture": "#2"},
				"west": {"uv": [1.25, 11.75, 1.5, 12.125], "texture": "#2"},
				"up": {"uv": [1.875, 6.75, 1.625, 6.5], "texture": "#2"},
				"down": {"uv": [8.125, 4, 7.875, 4.25], "texture": "#2"}
			}
		},
		{
			"from": [9, 8.75, 0.75],
			"to": [11, 11.75, 2.75],
			"rotation": {"angle": -45, "axis": "x", "origin": [10, 9.25, 2.25]},
			"faces": {
				"north": {"uv": [1.75, 11.75, 2, 12.125], "texture": "#2"},
				"east": {"uv": [6.75, 11.75, 7, 12.125], "texture": "#2"},
				"south": {"uv": [11.75, 10.75, 12, 11.125], "texture": "#2"},
				"west": {"uv": [11, 11.75, 11.25, 12.125], "texture": "#2"},
				"up": {"uv": [12.25, 5.5, 12, 5.25], "texture": "#2"},
				"down": {"uv": [12.25, 5.5, 12, 5.75], "texture": "#2"}
			}
		},
		{
			"from": [7, 9.25, 0.25],
			"to": [9, 12, 2.75],
			"rotation": {"angle": -45, "axis": "x", "origin": [8, 9.75, 2.25]},
			"faces": {
				"north": {"uv": [7.25, 11.875, 7.5, 12.21875], "texture": "#2"},
				"east": {"uv": [6, 11.75, 6.3125, 12.09375], "texture": "#2"},
				"south": {"uv": [11.875, 8, 12.125, 8.34375], "texture": "#2"},
				"west": {"uv": [11.75, 6.25, 12.0625, 6.59375], "texture": "#2"},
				"up": {"uv": [12.125, 10.0625, 11.875, 9.75], "texture": "#2"},
				"down": {"uv": [12.125, 11.75, 11.875, 12.0625], "texture": "#2"}
			}
		},
		{
			"from": [7, 8.43081, 2.32716],
			"to": [9, 9.43081, 4.32716],
			"rotation": {"angle": 22.5, "axis": "x", "origin": [8, 8.93081, 3.82716]},
			"faces": {
				"north": {"uv": [4.5, 1.375, 4.75, 1.5], "texture": "#2"},
				"east": {"uv": [5.5, 6.5, 5.75, 6.625], "texture": "#2"},
				"south": {"uv": [6, 8.125, 6.25, 8.25], "texture": "#2"},
				"west": {"uv": [6.875, 9.5, 7.125, 9.625], "texture": "#2"},
				"up": {"uv": [6, 12.25, 5.75, 12], "texture": "#2"},
				"down": {"uv": [8.875, 12, 8.625, 12.25], "texture": "#2"}
			}
		},
		{
			"from": [10, 8.54289, 1.75],
			"to": [11, 9.54289, 9.75],
			"rotation": {"angle": 0, "axis": "y", "origin": [10, 9.04289, 3.25]},
			"faces": {
				"north": {"uv": [12.25, 11.375, 12.375, 11.5], "texture": "#2"},
				"east": {"uv": [11.375, 2, 12.375, 2.125], "texture": "#2"},
				"south": {"uv": [12.375, 0.625, 12.5, 0.75], "texture": "#2"},
				"west": {"uv": [11.375, 3.75, 12.375, 3.875], "texture": "#2"},
				"up": {"uv": [10.625, 12.25, 10.5, 11.25], "texture": "#2"},
				"down": {"uv": [1.25, 11.375, 1.125, 12.375], "texture": "#2"}
			}
		},
		{
			"from": [7.5, 10.79708, 3.74947],
			"to": [8.5, 11.29708, 4.24947],
			"rotation": {"angle": 0, "axis": "y", "origin": [8, 11.04708, 3.99947]},
			"faces": {
				"north": {"uv": [12.375, 11.25, 12.5, 11.3125], "texture": "#2"},
				"east": {"uv": [12.5, 0.5, 12.5625, 0.5625], "texture": "#2"},
				"south": {"uv": [12.375, 11.375, 12.5, 11.4375], "texture": "#2"},
				"west": {"uv": [0.625, 12.5, 0.6875, 12.5625], "texture": "#2"},
				"up": {"uv": [12.5, 11.8125, 12.375, 11.75], "texture": "#2"},
				"down": {"uv": [12, 12.375, 11.875, 12.4375], "texture": "#2"}
			}
		},
		{
			"from": [7.75, 9.43081, 3.57716],
			"to": [8.25, 10.43081, 4.07716],
			"rotation": {"angle": 22.5, "axis": "x", "origin": [7.75, 9.93081, 3.82716]},
			"faces": {
				"north": {"uv": [12.375, 11.875, 12.4375, 12], "texture": "#2"},
				"east": {"uv": [12, 12.375, 12.0625, 12.5], "texture": "#2"},
				"south": {"uv": [12.375, 12.25, 12.4375, 12.375], "texture": "#2"},
				"west": {"uv": [12.375, 12.375, 12.4375, 12.5], "texture": "#2"},
				"up": {"uv": [12.5625, 0.6875, 12.5, 0.625], "texture": "#2"},
				"down": {"uv": [0.8125, 12.5, 0.75, 12.5625], "texture": "#2"}
			}
		},
		{
			"from": [5.994, 16.02832, -2.68162],
			"to": [9.974, 17.27832, -0.68162],
			"rotation": {"angle": -45, "axis": "x", "origin": [9.009, 14.77832, 6.31838]},
			"faces": {
				"north": {"uv": [12, 2.75, 12.5, 2.90625], "texture": "#2"},
				"east": {"uv": [12.125, 11.75, 12.375, 11.90625], "texture": "#2"},
				"south": {"uv": [12, 3, 12.5, 3.15625], "texture": "#2"},
				"west": {"uv": [11.875, 12.125, 12.125, 12.28125], "texture": "#2"},
				"up": {"uv": [12.125, 11.375, 11.625, 11.125], "texture": "#2"},
				"down": {"uv": [12.125, 11.375, 11.625, 11.625], "texture": "#2"}
			}
		},
		{
			"from": [7.75, 10.29708, 3.74947],
			"to": [8.25, 10.79708, 4.24947],
			"rotation": {"angle": 0, "axis": "y", "origin": [7.75, 10.79708, 3.99947]},
			"faces": {
				"north": {"uv": [0.875, 12.5, 0.9375, 12.5625], "texture": "#2"},
				"east": {"uv": [1, 12.5, 1.0625, 12.5625], "texture": "#2"},
				"south": {"uv": [12.5, 1.125, 12.5625, 1.1875], "texture": "#2"},
				"west": {"uv": [12.5, 1.375, 12.5625, 1.4375], "texture": "#2"},
				"up": {"uv": [1.5625, 12.5625, 1.5, 12.5], "texture": "#2"},
				"down": {"uv": [12.5625, 1.5, 12.5, 1.5625], "texture": "#2"}
			}
		},
		{
			"from": [6, 6, 7],
			"to": [10, 11, 8],
			"rotation": {"angle": 22.5, "axis": "x", "origin": [8, 9.5, 7.5]},
			"faces": {
				"north": {"uv": [5.125, 10, 5.625, 10.625], "texture": "#2"},
				"east": {"uv": [10.125, 11.875, 10.25, 12.5], "texture": "#2"},
				"south": {"uv": [6.875, 10, 7.375, 10.625], "texture": "#2"},
				"west": {"uv": [0, 12, 0.125, 12.625], "texture": "#2"},
				"up": {"uv": [9.375, 12.125, 8.875, 12], "texture": "#2"},
				"down": {"uv": [9.875, 12, 9.375, 12.125], "texture": "#2"}
			}
		},
		{
			"from": [7, 11, 7],
			"to": [9, 12, 8],
			"rotation": {"angle": 22.5, "axis": "x", "origin": [8, 9.5, 7.5]},
			"faces": {
				"north": {"uv": [7, 11.375, 7.25, 11.5], "texture": "#2"},
				"east": {"uv": [12.375, 1.375, 12.5, 1.5], "texture": "#2"},
				"south": {"uv": [8.75, 11.5, 9, 11.625], "texture": "#2"},
				"west": {"uv": [12.375, 1.5, 12.5, 1.625], "texture": "#2"},
				"up": {"uv": [0.375, 12.375, 0.125, 12.25], "texture": "#2"},
				"down": {"uv": [0.625, 12.25, 0.375, 12.375], "texture": "#2"}
			}
		},
		{
			"from": [6.5, 12, 7],
			"to": [9.5, 14, 8],
			"rotation": {"angle": 22.5, "axis": "x", "origin": [8, 9.5, 7.5]},
			"faces": {
				"north": {"uv": [7.875, 5, 8.25, 5.25], "texture": "#2"},
				"east": {"uv": [5.625, 5.875, 5.75, 6.125], "texture": "#2"},
				"south": {"uv": [6, 10, 6.375, 10.25], "texture": "#2"},
				"west": {"uv": [1.5, 8.375, 1.625, 8.625], "texture": "#2"},
				"up": {"uv": [6.75, 8.75, 6.375, 8.625], "texture": "#2"},
				"down": {"uv": [12.5, 1.125, 12.125, 1.25], "texture": "#2"}
			}
		},
		{
			"from": [6, 6.25, 3],
			"to": [10, 7.25, 7],
			"rotation": {"angle": 0, "axis": "y", "origin": [5, 7, 3]},
			"faces": {
				"north": {"uv": [12, 10.75, 12.5, 10.875], "texture": "#2"},
				"east": {"uv": [12, 10.875, 12.5, 11], "texture": "#2"},
				"south": {"uv": [12, 11, 12.5, 11.125], "texture": "#2"},
				"west": {"uv": [12.125, 0.75, 12.625, 0.875], "texture": "#2"},
				"up": {"uv": [5.625, 11.125, 5.125, 10.625], "texture": "#2"},
				"down": {"uv": [7.75, 10.625, 7.25, 11.125], "texture": "#2"}
			}
		},
		{
			"from": [10.999, 8.95725, -0.00269],
			"to": [11.999, 9.95725, 5.99731],
			"rotation": {"angle": -45, "axis": "x", "origin": [15, 7.95725, -1.00269]},
			"faces": {
				"north": {"uv": [12.375, 2.625, 12.5, 2.75], "texture": "#2"},
				"east": {"uv": [11.75, 0.5, 12.5, 0.625], "texture": "#2"},
				"south": {"uv": [12.375, 3.75, 12.5, 3.875], "texture": "#2"},
				"west": {"uv": [11.75, 6.625, 12.5, 6.75], "texture": "#2"},
				"up": {"uv": [2.5, 7.5, 2.375, 6.75], "texture": "#2"},
				"down": {"uv": [11.375, 11.75, 11.25, 12.5], "texture": "#2"}
			}
		},
		{
			"from": [11, 13.47346, 3.29821],
			"to": [12, 14.47346, 10.29821],
			"rotation": {"angle": -22.5, "axis": "x", "origin": [15, 12.47346, 3.29821]},
			"faces": {
				"north": {"uv": [12.375, 4, 12.5, 4.125], "texture": "#2"},
				"east": {"uv": [11.75, 0, 12.625, 0.125], "texture": "#2"},
				"south": {"uv": [12.375, 4.75, 12.5, 4.875], "texture": "#2"},
				"west": {"uv": [11.75, 0.125, 12.625, 0.25], "texture": "#2"},
				"up": {"uv": [4.5, 8.375, 4.375, 7.5], "texture": "#2"},
				"down": {"uv": [8.125, 11.5, 8, 12.375], "texture": "#2"}
			}
		},
		{
			"from": [10.999, 10.25, 8],
			"to": [11.999, 16.25, 9],
			"rotation": {"angle": 0, "axis": "y", "origin": [11.5, 10.75, 9.5]},
			"faces": {
				"north": {"uv": [11.375, 11.75, 11.5, 12.5], "texture": "#2"},
				"east": {"uv": [11.5, 11.75, 11.625, 12.5], "texture": "#2"},
				"south": {"uv": [11.625, 11.75, 11.75, 12.5], "texture": "#2"},
				"west": {"uv": [11.75, 11.75, 11.875, 12.5], "texture": "#2"},
				"up": {"uv": [5.125, 12.5, 5, 12.375], "texture": "#2"},
				"down": {"uv": [12.5, 5.25, 12.375, 5.375], "texture": "#2"}
			}
		},
		{
			"from": [4.001, 10.25, 8],
			"to": [5.001, 16.25, 9],
			"rotation": {"angle": 0, "axis": "y", "origin": [4.5, 10.75, 9.5]},
			"faces": {
				"north": {"uv": [2, 11.875, 2.125, 12.625], "texture": "#2"},
				"east": {"uv": [11.875, 2.75, 12, 3.5], "texture": "#2"},
				"south": {"uv": [11.875, 5, 12, 5.75], "texture": "#2"},
				"west": {"uv": [5.125, 11.875, 5.25, 12.625], "texture": "#2"},
				"up": {"uv": [12.5, 5.5, 12.375, 5.375], "texture": "#2"},
				"down": {"uv": [12.5, 5.5, 12.375, 5.625], "texture": "#2"}
			}
		},
		{
			"from": [5, 13.47346, 9.29821],
			"to": [11, 14.47346, 10.29821],
			"rotation": {"angle": -22.5, "axis": "x", "origin": [9, 12.47346, 3.29821]},
			"faces": {
				"north": {"uv": [11.875, 5.75, 12.625, 5.875], "texture": "#2"},
				"east": {"uv": [12.375, 5.625, 12.5, 5.75], "texture": "#2"},
				"south": {"uv": [11.875, 5.875, 12.625, 6], "texture": "#2"},
				"west": {"uv": [12.375, 6.25, 12.5, 6.375], "texture": "#2"},
				"up": {"uv": [12.625, 6.125, 11.875, 6], "texture": "#2"},
				"down": {"uv": [12.625, 6.125, 11.875, 6.25], "texture": "#2"}
			}
		},
		{
			"from": [6.01, 14.17346, 8.29821],
			"to": [9.99, 15.42346, 11.29821],
			"rotation": {"angle": -22.5, "axis": "x", "origin": [8, 13.42346, 4.29821]},
			"faces": {
				"north": {"uv": [0.125, 12, 0.625, 12.15625], "texture": "#2"},
				"east": {"uv": [12.125, 1.75, 12.5, 1.90625], "texture": "#2"},
				"south": {"uv": [0.625, 12, 1.125, 12.15625], "texture": "#2"},
				"west": {"uv": [12.125, 3.5, 12.5, 3.65625], "texture": "#2"},
				"up": {"uv": [10.5, 11.625, 10, 11.25], "texture": "#2"},
				"down": {"uv": [0.5, 11.375, 0, 11.75], "texture": "#2"}
			}
		},
		{
			"from": [4, 13.47346, 3.29821],
			"to": [5, 14.47346, 10.29821],
			"rotation": {"angle": -22.5, "axis": "x", "origin": [8, 12.47346, 3.29821]},
			"faces": {
				"north": {"uv": [12.375, 6.375, 12.5, 6.5], "texture": "#2"},
				"east": {"uv": [11.75, 0.25, 12.625, 0.375], "texture": "#2"},
				"south": {"uv": [12.375, 6.5, 12.5, 6.625], "texture": "#2"},
				"west": {"uv": [11.75, 0.375, 12.625, 0.5], "texture": "#2"},
				"up": {"uv": [10.375, 12.5, 10.25, 11.625], "texture": "#2"},
				"down": {"uv": [10.5, 11.625, 10.375, 12.5], "texture": "#2"}
			}
		},
		{
			"from": [4.001, 8.95725, -0.00269],
			"to": [5.001, 9.95725, 5.99731],
			"rotation": {"angle": -45, "axis": "x", "origin": [8, 7.95725, -1.00269]},
			"faces": {
				"north": {"uv": [12.375, 7, 12.5, 7.125], "texture": "#2"},
				"east": {"uv": [11.875, 6.75, 12.625, 6.875], "texture": "#2"},
				"south": {"uv": [12.375, 7.125, 12.5, 7.25], "texture": "#2"},
				"west": {"uv": [11.875, 6.875, 12.625, 7], "texture": "#2"},
				"up": {"uv": [5.375, 12.625, 5.25, 11.875], "texture": "#2"},
				"down": {"uv": [5.5, 11.875, 5.375, 12.625], "texture": "#2"}
			}
		},
		{
			"from": [4, 9.81704, 4.02552],
			"to": [5, 13.81704, 5.02552],
			"rotation": {"angle": -22.5, "axis": "x", "origin": [4.5, 10.81704, 4.52552]},
			"faces": {
				"north": {"uv": [3.75, 12, 3.875, 12.5], "texture": "#2"},
				"east": {"uv": [4.875, 12, 5, 12.5], "texture": "#2"},
				"south": {"uv": [9.875, 12, 10, 12.5], "texture": "#2"},
				"west": {"uv": [10, 12, 10.125, 12.5], "texture": "#2"},
				"up": {"uv": [12.5, 7.375, 12.375, 7.25], "texture": "#2"},
				"down": {"uv": [12.5, 7.375, 12.375, 7.5], "texture": "#2"}
			}
		},
		{
			"from": [11, 9.81704, 4.02552],
			"to": [12, 13.81704, 5.02552],
			"rotation": {"angle": -22.5, "axis": "x", "origin": [11.5, 10.81704, 4.52552]},
			"faces": {
				"north": {"uv": [6, 12.125, 6.125, 12.625], "texture": "#2"},
				"east": {"uv": [6.125, 12.125, 6.25, 12.625], "texture": "#2"},
				"south": {"uv": [6.25, 12.125, 6.375, 12.625], "texture": "#2"},
				"west": {"uv": [6.375, 12.125, 6.5, 12.625], "texture": "#2"},
				"up": {"uv": [8.375, 12.5, 8.25, 12.375], "texture": "#2"},
				"down": {"uv": [8.5, 12.375, 8.375, 12.5], "texture": "#2"}
			}
		},
		{
			"from": [5, 9.44133, 0.00859],
			"to": [11, 9.69133, 6.00859],
			"rotation": {"angle": -45, "axis": "x", "origin": [9, 7.94133, -0.99141]},
			"faces": {
				"north": {"uv": [12.25, 4.875, 13, 4.90625], "texture": "#2"},
				"east": {"uv": [12.25, 8, 13, 8.03125], "texture": "#2"},
				"south": {"uv": [8.125, 12.25, 8.875, 12.28125], "texture": "#2"},
				"west": {"uv": [12.25, 8.125, 13, 8.15625], "texture": "#2"},
				"up": {"uv": [3.5, 9.25, 2.75, 8.5], "texture": "#2"},
				"down": {"uv": [5.75, 8.5, 5, 9.25], "texture": "#2"}
			}
		},
		{
			"from": [5, 13.97346, 3.39821],
			"to": [11, 14.22346, 9.29821],
			"rotation": {"angle": -22.5, "axis": "x", "origin": [9, 12.47346, 3.29821]},
			"faces": {
				"north": {"uv": [12.25, 8.25, 13, 8.28125], "texture": "#2"},
				"east": {"uv": [12.25, 8.625, 13, 8.65625], "texture": "#2"},
				"south": {"uv": [12.25, 9.75, 13, 9.78125], "texture": "#2"},
				"west": {"uv": [12.25, 9.875, 13, 9.90625], "texture": "#2"},
				"up": {"uv": [7.125, 9.5, 6.375, 8.75], "texture": "#2"},
				"down": {"uv": [9.5, 6.75, 8.75, 7.5], "texture": "#2"}
			}
		},
		{
			"from": [11.5, 8.97346, 4.29821],
			"to": [11.75, 13.47346, 9.04821],
			"rotation": {"angle": -22.5, "axis": "x", "origin": [15, 12.47346, 3.29821]},
			"faces": {
				"north": {"uv": [1.125, 12.375, 1.15625, 12.9375], "texture": "#2"},
				"east": {"uv": [8.75, 9.75, 9.34375, 10.3125], "texture": "#2"},
				"south": {"uv": [12.375, 2, 12.40625, 2.5625], "texture": "#2"},
				"west": {"uv": [9.375, 9.75, 9.96875, 10.3125], "texture": "#2"},
				"up": {"uv": [0.15625, 12.96875, 0.125, 12.375], "texture": "#2"},
				"down": {"uv": [0.28125, 12.375, 0.25, 12.96875], "texture": "#2"}
			}
		},
		{
			"from": [11.5, 5.85725, 1.24731],
			"to": [11.75, 8.95725, 5.74731],
			"rotation": {"angle": -45, "axis": "x", "origin": [15, 7.95725, -1.00269]},
			"faces": {
				"north": {"uv": [8.5, 12.375, 8.53125, 12.75], "texture": "#2"},
				"east": {"uv": [10.75, 8.25, 11.3125, 8.625], "texture": "#2"},
				"south": {"uv": [8.625, 12.375, 8.65625, 12.75], "texture": "#2"},
				"west": {"uv": [10.375, 10.75, 10.9375, 11.125], "texture": "#2"},
				"up": {"uv": [2.65625, 12.9375, 2.625, 12.375], "texture": "#2"},
				"down": {"uv": [3.40625, 12.375, 3.375, 12.9375], "texture": "#2"}
			}
		},
		{
			"from": [4.25, 8.97346, 4.29821],
			"to": [4.5, 13.47346, 9.04821],
			"rotation": {"angle": -22.5, "axis": "x", "origin": [1, 12.47346, 3.29821]},
			"faces": {
				"north": {"uv": [1.15625, 12.375, 1.125, 12.9375], "texture": "#2"},
				"east": {"uv": [9.96875, 9.75, 9.375, 10.3125], "texture": "#2"},
				"south": {"uv": [12.40625, 2, 12.375, 2.5625], "texture": "#2"},
				"west": {"uv": [9.34375, 9.75, 8.75, 10.3125], "texture": "#2"},
				"up": {"uv": [0.125, 12.96875, 0.15625, 12.375], "texture": "#2"},
				"down": {"uv": [0.25, 12.375, 0.28125, 12.96875], "texture": "#2"}
			}
		},
		{
			"from": [4.25, 5.85725, 1.24731],
			"to": [4.5, 8.95725, 5.74731],
			"rotation": {"angle": -45, "axis": "x", "origin": [1, 7.95725, -1.00269]},
			"faces": {
				"north": {"uv": [8.53125, 12.375, 8.5, 12.75], "texture": "#2"},
				"east": {"uv": [10.9375, 10.75, 10.375, 11.125], "texture": "#2"},
				"south": {"uv": [8.65625, 12.375, 8.625, 12.75], "texture": "#2"},
				"west": {"uv": [11.3125, 8.25, 10.75, 8.625], "texture": "#2"},
				"up": {"uv": [2.625, 12.9375, 2.65625, 12.375], "texture": "#2"},
				"down": {"uv": [3.375, 12.375, 3.40625, 12.9375], "texture": "#2"}
			}
		},
		{
			"from": [5.9979, 9.67996, -13.52408],
			"to": [9.9979, 11.92996, -7.77408],
			"rotation": {"angle": -22.5, "axis": "x", "origin": [7.73793, 11.80496, -5.89908]},
			"faces": {
				"north": {"uv": [11.375, 7.5, 11.875, 7.78125], "texture": "#2"},
				"east": {"uv": [11, 10.75, 11.71875, 11.03125], "texture": "#2"},
				"south": {"uv": [11.375, 7.875, 11.875, 8.15625], "texture": "#2"},
				"west": {"uv": [8.25, 11.125, 8.96875, 11.40625], "texture": "#2"},
				"up": {"uv": [5.625, 9.96875, 5.125, 9.25], "texture": "#2"},
				"down": {"uv": [4.875, 9.375, 4.375, 10.09375], "texture": "#2"}
			}
		},
		{
			"from": [5.98793, 8.95291, -7.67919],
			"to": [9.98793, 11.20291, -0.17919],
			"rotation": {"angle": 0, "axis": "y", "origin": [7.61293, 11.07791, -0.05419]},
			"faces": {
				"north": {"uv": [11.375, 8.25, 11.875, 8.53125], "texture": "#2"},
				"east": {"uv": [10.5, 9.75, 11.4375, 10.03125], "texture": "#2"},
				"south": {"uv": [5.125, 11.5, 5.625, 11.78125], "texture": "#2"},
				"west": {"uv": [0.5, 10.625, 1.4375, 10.90625], "texture": "#2"},
				"up": {"uv": [1, 9.9375, 0.5, 9], "texture": "#2"},
				"down": {"uv": [1.5, 9, 1, 9.9375], "texture": "#2"}
			}
		},
		{
			"from": [5.9979, 4.00248, -12.9915],
			"to": [9.9979, 9.00248, -10.7415],
			"rotation": {"angle": 0, "axis": "y", "origin": [7.8729, 8.12748, -11.8665]},
			"faces": {
				"north": {"uv": [6, 10.25, 6.5, 10.875], "texture": "#2"},
				"east": {"uv": [11.375, 0, 11.65625, 0.625], "texture": "#2"},
				"south": {"uv": [8.25, 10.25, 8.75, 10.875], "texture": "#2"},
				"west": {"uv": [0.5, 11.375, 0.78125, 12], "texture": "#2"},
				"up": {"uv": [7.5, 11.78125, 7, 11.5], "texture": "#2"},
				"down": {"uv": [8.75, 11.5, 8.25, 11.78125], "texture": "#2"}
			}
		},
		{
			"from": [6, 13.95, 10],
			"to": [10, 17.95, 26],
			"rotation": {"angle": 0, "axis": "y", "origin": [7.875, 17.375, 11.75]},
			"faces": {
				"north": {"uv": [8.75, 10.625, 9.25, 11.125], "texture": "#2"},
				"east": {"uv": [6.25, 5.25, 8.25, 5.75], "texture": "#2"},
				"south": {"uv": [9.25, 10.625, 9.75, 11.125], "texture": "#2"},
				"west": {"uv": [6.25, 5.75, 8.25, 6.25], "texture": "#2"},
				"up": {"uv": [0.5, 8, 0, 6], "texture": "#2"},
				"down": {"uv": [6.75, 6.25, 6.25, 8.25], "texture": "#2"}
			}
		},
		{
			"from": [6.81285, 8.25, -7.46821],
			"to": [10.81285, 10.25, -1.96821],
			"rotation": {"angle": 22.5, "axis": "y", "origin": [8.81285, 9.25, -5.46821]},
			"faces": {
				"north": {"uv": [8.25, 10.875, 8.75, 11.125], "texture": "#2"},
				"east": {"uv": [11.375, 1, 12.0625, 1.25], "texture": "#2"},
				"south": {"uv": [10.625, 11.5, 11.125, 11.75], "texture": "#2"},
				"west": {"uv": [11.375, 1.75, 12.0625, 2], "texture": "#2"},
				"up": {"uv": [0.5, 10.1875, 0, 9.5], "texture": "#2"},
				"down": {"uv": [2.625, 9.5, 2.125, 10.1875], "texture": "#2"}
			}
		},
		{
			"from": [4, 7.251, -3],
			"to": [12, 10.251, 1],
			"rotation": {"angle": 0, "axis": "y", "origin": [0, 9.25, 3]},
			"faces": {
				"north": {"uv": [7.125, 9.25, 8.125, 9.625], "texture": "#2"},
				"east": {"uv": [9, 11.25, 9.5, 11.625], "texture": "#2"},
				"south": {"uv": [9.5, 1.75, 10.5, 2.125], "texture": "#2"},
				"west": {"uv": [9.5, 11.25, 10, 11.625], "texture": "#2"},
				"up": {"uv": [8.125, 9.25, 7.125, 8.75], "texture": "#2"},
				"down": {"uv": [9.75, 8.25, 8.75, 8.75], "texture": "#2"}
			}
		},
		{
			"from": [5.18715, 8.25, -7.46821],
			"to": [9.18715, 10.25, -1.96821],
			"rotation": {"angle": -22.5, "axis": "y", "origin": [7.18715, 9.25, -5.46821]},
			"faces": {
				"north": {"uv": [11.125, 11.5, 11.625, 11.75], "texture": "#2"},
				"east": {"uv": [11.375, 2.375, 12.0625, 2.625], "texture": "#2"},
				"south": {"uv": [11.625, 0.75, 12.125, 1], "texture": "#2"},
				"west": {"uv": [11.375, 3.5, 12.0625, 3.75], "texture": "#2"},
				"up": {"uv": [6.875, 10.1875, 6.375, 9.5], "texture": "#2"},
				"down": {"uv": [8.75, 9.5, 8.25, 10.1875], "texture": "#2"}
			}
		},
		{
			"from": [4.31703, 4.001, -12.51412],
			"to": [8.31703, 8.999, 0.46088],
			"rotation": {"angle": -22.5, "axis": "y", "origin": [6.31703, 6, -8.53912]},
			"faces": {
				"north": {"uv": [7.375, 10, 7.875, 10.625], "texture": "#2"},
				"east": {"uv": [6.25, 4, 7.875, 4.625], "texture": "#2"},
				"south": {"uv": [10, 9.75, 10.5, 10.375], "texture": "#2"},
				"west": {"uv": [6.25, 4.625, 7.875, 5.25], "texture": "#2"},
				"up": {"uv": [1, 9, 0.5, 7.375], "texture": "#2"},
				"down": {"uv": [1.5, 7.375, 1, 9], "texture": "#2"}
			}
		},
		{
			"from": [7.68297, 4.001, -12.51412],
			"to": [11.68297, 8.999, 0.46088],
			"rotation": {"angle": 22.5, "axis": "y", "origin": [9.68297, 6, -8.53912]},
			"faces": {
				"north": {"uv": [7.875, 10, 7.375, 10.625], "texture": "#2"},
				"east": {"uv": [7.875, 4.625, 6.25, 5.25], "texture": "#2"},
				"south": {"uv": [10.5, 9.75, 10, 10.375], "texture": "#2"},
				"west": {"uv": [7.875, 4, 6.25, 4.625], "texture": "#2"},
				"up": {"uv": [0.5, 9, 1, 7.375], "texture": "#2"},
				"down": {"uv": [1, 7.375, 1.5, 9], "texture": "#2"}
			}
		},
		{
			"from": [5.9979, 1.03073, -13.18479],
			"to": [9.9979, 3.28073, -11.53479],
			"rotation": {"angle": 22.5, "axis": "x", "origin": [-0.2521, 2.03073, -5.61814]},
			"faces": {
				"north": {"uv": [6, 11.375, 6.5, 11.65625], "texture": "#2"},
				"east": {"uv": [12.125, 2.375, 12.34375, 2.65625], "texture": "#2"},
				"south": {"uv": [6.5, 11.375, 7, 11.65625], "texture": "#2"},
				"west": {"uv": [12.125, 6.25, 12.34375, 6.53125], "texture": "#2"},
				"up": {"uv": [0.5, 11.96875, 0, 11.75], "texture": "#2"},
				"down": {"uv": [12.25, 1.375, 11.75, 1.59375], "texture": "#2"}
			}
		},
		{
			"from": [5.35374, 3.37202, -11.22404],
			"to": [6.45374, 4.22202, -8.22404],
			"rotation": {"angle": -22.5, "axis": "y", "origin": [6.35374, 3.79605, -9.67404]},
			"faces": {
				"north": {"uv": [12.375, 10.375, 12.5, 10.46875], "texture": "#2"},
				"east": {"uv": [12.125, 4.5, 12.5, 4.59375], "texture": "#2"},
				"south": {"uv": [12.375, 10.5, 12.5, 10.59375], "texture": "#2"},
				"west": {"uv": [12.125, 11.5, 12.5, 11.59375], "texture": "#2"},
				"up": {"uv": [9.125, 12.5, 9, 12.125], "texture": "#2"},
				"down": {"uv": [9.25, 12.125, 9.125, 12.5], "texture": "#2"}
			}
		},
		{
			"from": [9.54626, 3.37202, -11.22404],
			"to": [10.64626, 4.22202, -8.22404],
			"rotation": {"angle": 22.5, "axis": "y", "origin": [9.64626, 3.79605, -9.67404]},
			"faces": {
				"north": {"uv": [12.5, 10.375, 12.375, 10.46875], "texture": "#2"},
				"east": {"uv": [12.5, 11.5, 12.125, 11.59375], "texture": "#2"},
				"south": {"uv": [12.5, 10.5, 12.375, 10.59375], "texture": "#2"},
				"west": {"uv": [12.5, 4.5, 12.125, 4.59375], "texture": "#2"},
				"up": {"uv": [9, 12.5, 9.125, 12.125], "texture": "#2"},
				"down": {"uv": [9.125, 12.125, 9.25, 12.5], "texture": "#2"}
			}
		},
		{
			"from": [5.9979, 3.37105, -11.4671],
			"to": [9.9979, 5.62105, -8.7171],
			"rotation": {"angle": 0, "axis": "y", "origin": [7.8729, 4.49605, -10.1421]},
			"faces": {
				"north": {"uv": [11.375, 6.75, 11.875, 7.03125], "texture": "#2"},
				"east": {"uv": [6.375, 11.75, 6.71875, 12.03125], "texture": "#2"},
				"south": {"uv": [11.375, 7.125, 11.875, 7.40625], "texture": "#2"},
				"west": {"uv": [10.625, 11.75, 10.96875, 12.03125], "texture": "#2"},
				"up": {"uv": [11.875, 5.84375, 11.375, 5.5], "texture": "#2"},
				"down": {"uv": [11.875, 5.875, 11.375, 6.21875], "texture": "#2"}
			}
		},
		{
			"from": [4.87497, 3.37105, -8.7171],
			"to": [11.12497, 6.12105, 4.2829],
			"rotation": {"angle": 0, "axis": "y", "origin": [-0.12503, 8.12105, -7.7171]},
			"faces": {
				"north": {"uv": [10.375, 10.375, 11.15625, 10.71875], "texture": "#2"},
				"east": {"uv": [8.75, 7.5, 10.375, 7.84375], "texture": "#2"},
				"south": {"uv": [10.5, 0, 11.28125, 0.34375], "texture": "#2"},
				"west": {"uv": [8.75, 7.875, 10.375, 8.21875], "texture": "#2"},
				"up": {"uv": [6.53125, 1.625, 5.75, 0], "texture": "#2"},
				"down": {"uv": [1.53125, 5.75, 0.75, 7.375], "texture": "#2"}
			}
		},
		{
			"from": [2.025, 6.42462, 22.02513],
			"to": [3.975, 9.17462, 28.02513],
			"rotation": {"angle": -45, "axis": "x", "origin": [3.5, 11.3033, 20.40381]},
			"faces": {
				"north": {"uv": [8.125, 11.875, 8.375, 12.21875], "texture": "#2"},
				"east": {"uv": [0.75, 5.375, 1.5, 5.71875], "texture": "#2"},
				"south": {"uv": [8.375, 11.875, 8.625, 12.21875], "texture": "#2"},
				"west": {"uv": [6.5, 10.625, 7.25, 10.96875], "texture": "#2"},
				"up": {"uv": [1.875, 6.5, 1.625, 5.75], "texture": "#2"},
				"down": {"uv": [0.75, 6, 0.5, 6.75], "texture": "#2"}
			}
		},
		{
			"from": [4.87497, 6.13651, 3.18581],
			"to": [11.12497, 8.88651, 11.18581],
			"rotation": {"angle": -22.5, "axis": "x", "origin": [7.87497, 7.51151, 10.68581]},
			"faces": {
				"north": {"uv": [10.5, 0.375, 11.28125, 0.71875], "texture": "#2"},
				"east": {"uv": [6.875, 9.625, 7.875, 9.96875], "texture": "#2"},
				"south": {"uv": [10.5, 1.75, 11.28125, 2.09375], "texture": "#2"},
				"west": {"uv": [9.75, 8.25, 10.75, 8.59375], "texture": "#2"},
				"up": {"uv": [2.90625, 8.5, 2.125, 7.5], "texture": "#2"},
				"down": {"uv": [3.78125, 7.5, 3, 8.5], "texture": "#2"}
			}
		},
		{
			"from": [6, 5.46472, 9.51472],
			"to": [10, 6.96472, 17.51472],
			"rotation": {"angle": 0, "axis": "y", "origin": [8, 5.96472, 16.01472]},
			"faces": {
				"north": {"uv": [11.875, 7, 12.375, 7.1875], "texture": "#2"},
				"east": {"uv": [4.75, 2.75, 5.75, 2.9375], "texture": "#2"},
				"south": {"uv": [11.875, 7.25, 12.375, 7.4375], "texture": "#2"},
				"west": {"uv": [11.25, 10.375, 12.25, 10.5625], "texture": "#2"},
				"up": {"uv": [2, 9.625, 1.5, 8.625], "texture": "#2"},
				"down": {"uv": [9.25, 8.75, 8.75, 9.75], "texture": "#2"}
			}
		},
		{
			"from": [4, 6, 9],
			"to": [12, 17, 17],
			"rotation": {"angle": 0, "axis": "y", "origin": [0, 8, 3]},
			"faces": {
				"north": {"uv": [4.5, 0, 5.5, 1.375], "texture": "#2"},
				"east": {"uv": [3.75, 4.5, 4.75, 5.875], "texture": "#2"},
				"south": {"uv": [4.75, 1.375, 5.75, 2.75], "texture": "#2"},
				"west": {"uv": [4.75, 4.5, 5.75, 5.875], "texture": "#2"},
				"up": {"uv": [3.5, 7.5, 2.5, 6.5], "texture": "#2"},
				"down": {"uv": [4.5, 6.5, 3.5, 7.5], "texture": "#2"}
			}
		},
		{
			"from": [6, 2.7429, 23.58579],
			"to": [10, 14.7429, 25.08579],
			"rotation": {"angle": 45, "axis": "x", "origin": [8, 13.2429, 24.58579]},
			"faces": {
				"north": {"uv": [0, 8, 0.5, 9.5], "texture": "#2"},
				"east": {"uv": [6, 6.625, 6.1875, 8.125], "texture": "#2"},
				"south": {"uv": [8.125, 2.75, 8.625, 4.25], "texture": "#2"},
				"west": {"uv": [1.75, 9.625, 1.9375, 11.125], "texture": "#2"},
				"up": {"uv": [12.375, 7.6875, 11.875, 7.5], "texture": "#2"},
				"down": {"uv": [12.375, 7.75, 11.875, 7.9375], "texture": "#2"}
			}
		},
		{
			"from": [4, 6.86396, 11.08579],
			"to": [12, 7.86396, 23.08579],
			"rotation": {"angle": -45, "axis": "x", "origin": [8, 12.36396, 14.58579]},
			"faces": {
				"north": {"uv": [11.625, 1.25, 12.625, 1.375], "texture": "#2"},
				"east": {"uv": [11.125, 9.5, 12.625, 9.625], "texture": "#2"},
				"south": {"uv": [11.625, 4.25, 12.625, 4.375], "texture": "#2"},
				"west": {"uv": [11.125, 9.625, 12.625, 9.75], "texture": "#2"},
				"up": {"uv": [4.5, 1.5, 3.5, 0], "texture": "#2"},
				"down": {"uv": [4.75, 1.5, 3.75, 3], "texture": "#2"}
			}
		},
		{
			"from": [1, 5.22625, 12.16478],
			"to": [5, 10.22625, 24.26478],
			"rotation": {"angle": -22.5, "axis": "x", "origin": [0, 9.22625, 16.16478]},
			"faces": {
				"north": {"uv": [4.375, 10.125, 4.875, 10.75], "texture": "#2"},
				"east": {"uv": [6.625, 0.75, 8.125, 1.375], "texture": "#2"},
				"south": {"uv": [0, 10.25, 0.5, 10.875], "texture": "#2"},
				"west": {"uv": [6.75, 6.25, 8.25, 6.875], "texture": "#2"},
				"up": {"uv": [4.375, 9, 3.875, 7.5], "texture": "#2"},
				"down": {"uv": [8.25, 6.875, 7.75, 8.375], "texture": "#2"}
			}
		},
		{
			"from": [1, 4, -1],
			"to": [5, 9, 14],
			"rotation": {"angle": 0, "axis": "y", "origin": [0, 8, 3]},
			"faces": {
				"north": {"uv": [2.125, 10.25, 2.625, 10.875], "texture": "#2"},
				"east": {"uv": [6.25, 2.75, 8.125, 3.375], "texture": "#2"},
				"south": {"uv": [10.25, 3.5, 10.75, 4.125], "texture": "#2"},
				"west": {"uv": [6.25, 3.375, 8.125, 4], "texture": "#2"},
				"up": {"uv": [6, 8.5, 5.5, 6.625], "texture": "#2"},
				"down": {"uv": [2.125, 6.75, 1.625, 8.625], "texture": "#2"}
			}
		},
		{
			"from": [0.34462, 5, 11.73254],
			"to": [1.34462, 8, 14.48254],
			"rotation": {"angle": 22.5, "axis": "y", "origin": [0.84462, 6.5, 12.73254]},
			"faces": {
				"north": {"uv": [9.5, 12.125, 9.625, 12.5], "texture": "#2"},
				"east": {"uv": [6.5, 10.25, 6.84375, 10.625], "texture": "#2"},
				"south": {"uv": [9.625, 12.125, 9.75, 12.5], "texture": "#2"},
				"west": {"uv": [11.5, 9.75, 11.84375, 10.125], "texture": "#2"},
				"up": {"uv": [10.75, 12.46875, 10.625, 12.125], "texture": "#2"},
				"down": {"uv": [10.875, 12.125, 10.75, 12.46875], "texture": "#2"}
			}
		},
		{
			"from": [2, 7.06603, 2.28182],
			"to": [4, 10.06603, 7.28182],
			"rotation": {"angle": -22.5, "axis": "x", "origin": [0, 4.06603, 4.28182]},
			"faces": {
				"north": {"uv": [5.5, 11.875, 5.75, 12.25], "texture": "#2"},
				"east": {"uv": [9.75, 10.625, 10.375, 11], "texture": "#2"},
				"south": {"uv": [7, 11.875, 7.25, 12.25], "texture": "#2"},
				"west": {"uv": [10.75, 3.5, 11.375, 3.875], "texture": "#2"},
				"up": {"uv": [2.75, 6.125, 2.5, 5.5], "texture": "#2"},
				"down": {"uv": [0.75, 6.75, 0.5, 7.375], "texture": "#2"}
			}
		},
		{
			"from": [2.001, 3.63604, 5.12132],
			"to": [3.999, 11.63604, 10.12132],
			"rotation": {"angle": 45, "axis": "x", "origin": [0, 8.63604, 11.12132]},
			"faces": {
				"north": {"uv": [3.5, 1.5, 3.75, 2.5], "texture": "#2"},
				"east": {"uv": [4.375, 8.375, 5, 9.375], "texture": "#2"},
				"south": {"uv": [5.5, 0, 5.75, 1], "texture": "#2"},
				"west": {"uv": [2.125, 8.5, 2.75, 9.5], "texture": "#2"},
				"up": {"uv": [2, 11.75, 1.75, 11.125], "texture": "#2"},
				"down": {"uv": [1.125, 11.375, 0.875, 12], "texture": "#2"}
			}
		},
		{
			"from": [2.97518, 13.35386, 9.001],
			"to": [5.97518, 16.18186, 23.001],
			"rotation": {"angle": -45, "axis": "z", "origin": [4.47518, 15.35386, 15]},
			"faces": {
				"north": {"uv": [6.375, 8.25, 6.75, 8.59375], "texture": "#2"},
				"east": {"uv": [8.625, 5.5, 10.375, 5.84375], "texture": "#2"},
				"south": {"uv": [7.75, 8.375, 8.125, 8.71875], "texture": "#2"},
				"west": {"uv": [8.625, 5.875, 10.375, 6.21875], "texture": "#2"},
				"up": {"uv": [8.625, 6.75, 8.25, 5], "texture": "#2"},
				"down": {"uv": [6.375, 8.25, 6, 10], "texture": "#2"}
			}
		},
		{
			"from": [2, 9, 9],
			"to": [4, 15, 25],
			"rotation": {"angle": 0, "axis": "y", "origin": [3.5, 13.87868, 19.37868]},
			"faces": {
				"north": {"uv": [2.125, 6.75, 2.375, 7.5], "texture": "#2"},
				"east": {"uv": [3.75, 3, 5.75, 3.75], "texture": "#2"},
				"south": {"uv": [1.25, 11, 1.5, 11.75], "texture": "#2"},
				"west": {"uv": [3.75, 3.75, 5.75, 4.5], "texture": "#2"},
				"up": {"uv": [2.75, 5.5, 2.5, 3.5], "texture": "#2"},
				"down": {"uv": [3.75, 8.5, 3.5, 10.5], "texture": "#2"}
			}
		},
		{
			"from": [11, 4, -1],
			"to": [15, 9, 14],
			"rotation": {"angle": 0, "axis": "y", "origin": [16, 8, 3]},
			"faces": {
				"north": {"uv": [2.625, 10.25, 2.125, 10.875], "texture": "#2"},
				"east": {"uv": [8.125, 3.375, 6.25, 4], "texture": "#2"},
				"south": {"uv": [10.75, 3.5, 10.25, 4.125], "texture": "#2"},
				"west": {"uv": [8.125, 2.75, 6.25, 3.375], "texture": "#2"},
				"up": {"uv": [5.5, 8.5, 6, 6.625], "texture": "#2"},
				"down": {"uv": [1.625, 6.75, 2.125, 8.625], "texture": "#2"}
			}
		},
		{
			"from": [14.65538, 5, 11.73254],
			"to": [15.65538, 8, 14.48254],
			"rotation": {"angle": -22.5, "axis": "y", "origin": [15.15538, 6.5, 12.73254]},
			"faces": {
				"north": {"uv": [9.625, 12.125, 9.5, 12.5], "texture": "#2"},
				"east": {"uv": [11.84375, 9.75, 11.5, 10.125], "texture": "#2"},
				"south": {"uv": [9.75, 12.125, 9.625, 12.5], "texture": "#2"},
				"west": {"uv": [6.84375, 10.25, 6.5, 10.625], "texture": "#2"},
				"up": {"uv": [10.625, 12.46875, 10.75, 12.125], "texture": "#2"},
				"down": {"uv": [10.75, 12.125, 10.875, 12.46875], "texture": "#2"}
			}
		},
		{
			"from": [11, 5.22625, 12.16478],
			"to": [15, 10.22625, 24.26478],
			"rotation": {"angle": -22.5, "axis": "x", "origin": [16, 9.22625, 16.16478]},
			"faces": {
				"north": {"uv": [4.875, 10.125, 4.375, 10.75], "texture": "#2"},
				"east": {"uv": [8.25, 6.25, 6.75, 6.875], "texture": "#2"},
				"south": {"uv": [0.5, 10.25, 0, 10.875], "texture": "#2"},
				"west": {"uv": [8.125, 0.75, 6.625, 1.375], "texture": "#2"},
				"up": {"uv": [3.875, 9, 4.375, 7.5], "texture": "#2"},
				"down": {"uv": [7.75, 6.875, 8.25, 8.375], "texture": "#2"}
			}
		},
		{
			"from": [12.025, 6.42462, 22.02513],
			"to": [13.975, 9.17462, 28.02513],
			"rotation": {"angle": -45, "axis": "x", "origin": [12.5, 11.3033, 20.40381]},
			"faces": {
				"north": {"uv": [8.375, 11.875, 8.125, 12.21875], "texture": "#2"},
				"east": {"uv": [7.25, 10.625, 6.5, 10.96875], "texture": "#2"},
				"south": {"uv": [8.625, 11.875, 8.375, 12.21875], "texture": "#2"},
				"west": {"uv": [1.5, 5.375, 0.75, 5.71875], "texture": "#2"},
				"up": {"uv": [1.625, 6.5, 1.875, 5.75], "texture": "#2"},
				"down": {"uv": [0.5, 6, 0.75, 6.75], "texture": "#2"}
			}
		},
		{
			"from": [10.02482, 13.35386, 9.001],
			"to": [13.02482, 16.18186, 23.001],
			"rotation": {"angle": 45, "axis": "z", "origin": [11.52482, 15.35386, 15]},
			"faces": {
				"north": {"uv": [6.75, 8.25, 6.375, 8.59375], "texture": "#2"},
				"east": {"uv": [10.375, 5.875, 8.625, 6.21875], "texture": "#2"},
				"south": {"uv": [8.125, 8.375, 7.75, 8.71875], "texture": "#2"},
				"west": {"uv": [10.375, 5.5, 8.625, 5.84375], "texture": "#2"},
				"up": {"uv": [8.25, 6.75, 8.625, 5], "texture": "#2"},
				"down": {"uv": [6, 8.25, 6.375, 10], "texture": "#2"}
			}
		},
		{
			"from": [12, 9, 9],
			"to": [14, 15, 25],
			"rotation": {"angle": 0, "axis": "y", "origin": [12.5, 13.87868, 19.37868]},
			"faces": {
				"north": {"uv": [2.375, 6.75, 2.125, 7.5], "texture": "#2"},
				"east": {"uv": [5.75, 3.75, 3.75, 4.5], "texture": "#2"},
				"south": {"uv": [1.5, 11, 1.25, 11.75], "texture": "#2"},
				"west": {"uv": [5.75, 3, 3.75, 3.75], "texture": "#2"},
				"up": {"uv": [2.5, 5.5, 2.75, 3.5], "texture": "#2"},
				"down": {"uv": [3.5, 8.5, 3.75, 10.5], "texture": "#2"}
			}
		},
		{
			"from": [12.001, 3.63604, 5.12132],
			"to": [13.999, 11.63604, 10.12132],
			"rotation": {"angle": 45, "axis": "x", "origin": [16, 8.63604, 11.12132]},
			"faces": {
				"north": {"uv": [3.75, 1.5, 3.5, 2.5], "texture": "#2"},
				"east": {"uv": [2.75, 8.5, 2.125, 9.5], "texture": "#2"},
				"south": {"uv": [5.75, 0, 5.5, 1], "texture": "#2"},
				"west": {"uv": [5, 8.375, 4.375, 9.375], "texture": "#2"},
				"up": {"uv": [1.75, 11.75, 2, 11.125], "texture": "#2"},
				"down": {"uv": [0.875, 11.375, 1.125, 12], "texture": "#2"}
			}
		},
		{
			"from": [12, 7.06603, 2.28182],
			"to": [14, 10.06603, 7.28182],
			"rotation": {"angle": -22.5, "axis": "x", "origin": [16, 4.06603, 4.28182]},
			"faces": {
				"north": {"uv": [5.75, 11.875, 5.5, 12.25], "texture": "#2"},
				"east": {"uv": [11.375, 3.5, 10.75, 3.875], "texture": "#2"},
				"south": {"uv": [7.25, 11.875, 7, 12.25], "texture": "#2"},
				"west": {"uv": [10.375, 10.625, 9.75, 11], "texture": "#2"},
				"up": {"uv": [2.5, 6.125, 2.75, 5.5], "texture": "#2"},
				"down": {"uv": [0.5, 6.75, 0.75, 7.375], "texture": "#2"}
			}
		},
		{
			"from": [10.999, 7.75, 1],
			"to": [11.999, 10.25, 9],
			"rotation": {"angle": 0, "axis": "y", "origin": [0, 9.25, 3]},
			"faces": {
				"north": {"uv": [10.875, 12.125, 11, 12.4375], "texture": "#2"},
				"east": {"uv": [10.375, 5.5, 11.375, 5.8125], "texture": "#2"},
				"south": {"uv": [11, 12.125, 11.125, 12.4375], "texture": "#2"},
				"west": {"uv": [10.375, 5.875, 11.375, 6.1875], "texture": "#2"},
				"up": {"uv": [2.75, 12.375, 2.625, 11.375], "texture": "#2"},
				"down": {"uv": [7.625, 11.5, 7.5, 12.5], "texture": "#2"}
			}
		},
		{
			"from": [4.001, 7.75, 1],
			"to": [5.001, 10.25, 9],
			"rotation": {"angle": 0, "axis": "y", "origin": [0, 9.25, 2.925]},
			"faces": {
				"north": {"uv": [11.125, 12.125, 11.25, 12.4375], "texture": "#2"},
				"east": {"uv": [10.375, 7.5, 11.375, 7.8125], "texture": "#2"},
				"south": {"uv": [12.125, 11.125, 12.25, 11.4375], "texture": "#2"},
				"west": {"uv": [10.375, 7.875, 11.375, 8.1875], "texture": "#2"},
				"up": {"uv": [7.75, 12.5, 7.625, 11.5], "texture": "#2"},
				"down": {"uv": [8, 11.5, 7.875, 12.5], "texture": "#2"}
			}
		},
		{
			"from": [11, 7, 4.925],
			"to": [12, 9, 8.925],
			"rotation": {"angle": -45, "axis": "x", "origin": [4.5, 11, 4.425]},
			"faces": {
				"north": {"uv": [0.625, 12.25, 0.75, 12.5], "texture": "#2"},
				"east": {"uv": [11.625, 4.375, 12.125, 4.625], "texture": "#2"},
				"south": {"uv": [0.75, 12.25, 0.875, 12.5], "texture": "#2"},
				"west": {"uv": [8.75, 11.625, 9.25, 11.875], "texture": "#2"},
				"up": {"uv": [1.375, 12.625, 1.25, 12.125], "texture": "#2"},
				"down": {"uv": [1.5, 12.125, 1.375, 12.625], "texture": "#2"}
			}
		},
		{
			"from": [4, 7, 4.925],
			"to": [5, 9, 8.925],
			"rotation": {"angle": -45, "axis": "x", "origin": [4.5, 11, 4.425]},
			"faces": {
				"north": {"uv": [0.875, 12.25, 1, 12.5], "texture": "#2"},
				"east": {"uv": [9.25, 11.625, 9.75, 11.875], "texture": "#2"},
				"south": {"uv": [1, 12.25, 1.125, 12.5], "texture": "#2"},
				"west": {"uv": [9.75, 11.625, 10.25, 11.875], "texture": "#2"},
				"up": {"uv": [1.875, 12.625, 1.75, 12.125], "texture": "#2"},
				"down": {"uv": [2, 12.125, 1.875, 12.625], "texture": "#2"}
			}
		}
	],
	"gui_light": "front",
	"display": {
		"thirdperson_righthand": {
			"rotation": [75, 45, 0],
			"translation": [0, 2.5, 0],
			"scale": [0.375, 0.375, 0.375]
		},
		"thirdperson_lefthand": {
			"rotation": [75, 45, 0],
			"translation": [0, 2.5, 0],
			"scale": [0.375, 0.375, 0.375]
		},
		"firstperson_righthand": {
			"rotation": [27.25, 45, 0],
			"translation": [0, 4.75, 0],
			"scale": [0.4, 0.4, 0.4]
		},
		"firstperson_lefthand": {
			"rotation": [27.25, 45, 0],
			"translation": [0, 4.75, 0],
			"scale": [0.4, 0.4, 0.4]
		},
		"ground": {
			"translation": [0, 11.5, 0]
		},
		"gui": {
			"rotation": [90, 0, 0],
			"translation": [0, 0, 80],
			"scale": [0.625, 0.625, 0.625]
		},
		"head": {
			"rotation": [-2.75, 0, 0],
			"translation": [0, -30.5, 7.5],
			"scale": [4, 4, 4]
		},
		"fixed": {
			"rotation": [-90, 0, 0],
			"translation": [0, 0, -1.75]
		}
	},
	"groups": [
		{
			"name": "wing",
			"origin": [-1.99992, 1.99992, 11],
			"color": 0,
			"nbt": "{}",
			"children": [0, 1, 2, 3, 4, 5, 6, 7, 8, 9, 10, 11, 12, 13, 14, 15, 16, 17, 18, 19, 20, 21, 22, 23, 24, 25, 26, 27, 28, 29, 30, 31]
		},
		{
			"name": "wing",
			"origin": [-1.99992, 1.99992, 11],
			"color": 0,
			"nbt": "{}",
			"children": [32, 33, 34, 35]
		},
		{
			"name": "back_engines",
			"origin": [11, 7, 18],
			"color": 0,
			"nbt": "{}",
			"children": [36, 37, 38, 39, 40, 41, 42, 43, 44, 45, 46, 47, 48, 49, 50, 51, 52, 53]
		},
		{
			"name": "cockpit_interior",
			"origin": [5, -1, 3],
			"color": 0,
			"nbt": "{}",
			"children": [
				{
					"name": "dashboard",
					"origin": [7.75, 3.04708, 3.24947],
					"color": 0,
					"nbt": "{}",
					"children": [54, 55, 56, 57, 58, 59, 60, 61, 62, 63]
				},
				{
					"name": "chair",
					"origin": [5, -1, 3],
					"color": 0,
					"nbt": "{}",
					"children": [64, 65, 66, 67]
				}
			]
		},
		{
			"name": "cockpit",
			"origin": [0, 1.25, 3],
			"color": 0,
			"nbt": "{}",
			"children": [
				68,
				69,
				70,
				71,
				72,
				73,
				74,
				75,
				76,
				77,
				{
					"name": "windows",
					"origin": [1, 4.47346, 3.29821],
					"color": 0,
					"nbt": "{}",
					"children": [78, 79, 80, 81, 82, 83]
				}
			]
		},
		{
			"name": "nose",
			"origin": [0, -0.03267, -7.72832],
			"color": 0,
			"nbt": "{}",
			"children": [84, 85, 86, 87, 88, 89, 90, 91, 92, 93, 94, 95, 96, 97]
		},
		{
			"name": "body",
			"origin": [4.47518, 7.35386, 15],
			"color": 0,
			"nbt": "{}",
			"children": [98, 99, 100, 101, 102, 103, 104, 105, 106, 107, 108, 109, 110, 111, 112, 113, 114, 115, 116, 117, 118, 119, 120, 121, 122]
		}
	]
}